iteration_limit,game_index,seed,winner,deciding_criterion,secured_margin_p1_minus_p2,advantage_margin_p1_minus_p2,corrected_objective_piece_margin_p1_minus_p2,first_persistent_full_lexicographic_lead_turn,first_supply_securing_turn,final_secured_supply_count,final_p1_secured_supply_count,final_p2_secured_supply_count,supply_placements,objective_placements,supply_placement_share,objective_placement_share,sample
10000,1,1131000000,1,secured_objectives,1,1,1,9,5,4,2,2,38,34,0.5277777777777778,0.4722222222222222,issue-112-corrected
10000,2,1131000001,0,draw,0,0,0,,9,4,2,2,37,35,0.5138888888888888,0.4861111111111111,issue-112-corrected
10000,3,1131000002,2,secured_objectives,-1,1,1,24,7,4,2,2,34,38,0.4722222222222222,0.5277777777777778,issue-112-corrected
10000,4,1131000003,2,objective_pieces,0,0,-1,24,6,5,2,3,37,35,0.5138888888888888,0.4861111111111111,issue-112-corrected
10000,5,1131000004,2,advantage_objectives,0,-1,-1,24,7,5,2,3,33,39,0.4583333333333333,0.5416666666666666,issue-112-corrected
10000,6,1131000005,2,objective_pieces,0,0,-1,24,7,3,1,2,35,37,0.4861111111111111,0.5138888888888888,issue-112-corrected
10000,7,1131000006,2,advantage_objectives,0,-1,-1,22,14,4,2,2,41,31,0.5694444444444444,0.4305555555555556,issue-112-corrected
10000,8,1131000007,1,secured_objectives,1,0,1,23,6,4,2,2,36,36,0.5,0.5,issue-112-corrected
10000,9,1131000008,2,secured_objectives,-1,2,2,22,8,5,2,3,43,29,0.5972222222222222,0.4027777777777778,issue-112-corrected
10000,10,1131000009,2,objective_pieces,0,0,-1,24,8,2,1,1,31,41,0.4305555555555556,0.5694444444444444,issue-112-corrected
10000,11,1131000010,2,advantage_objectives,0,-1,0,24,8,5,1,4,42,30,0.5833333333333334,0.4166666666666667,issue-112-corrected
10000,12,1131000011,2,secured_objectives,-1,1,2,24,7,5,3,2,36,36,0.5,0.5,issue-112-corrected
10000,13,1131000012,2,secured_objectives,-1,3,3,24,12,3,0,3,36,36,0.5,0.5,issue-112-corrected
10000,14,1131000013,1,advantage_objectives,0,2,3,23,8,3,1,2,32,40,0.4444444444444444,0.5555555555555556,issue-112-corrected
10000,15,1131000014,0,draw,0,0,0,,6,5,2,3,39,33,0.5416666666666666,0.4583333333333333,issue-112-corrected
10000,16,1131000015,1,advantage_objectives,0,1,2,23,8,3,1,2,40,32,0.5555555555555556,0.4444444444444444,issue-112-corrected
10000,17,1131000016,1,advantage_objectives,0,3,2,7,5,4,2,2,41,31,0.5694444444444444,0.4305555555555556,issue-112-corrected
10000,18,1131000017,1,secured_objectives,2,-3,-4,23,5,6,3,3,38,34,0.5277777777777778,0.4722222222222222,issue-112-corrected
10000,19,1131000018,2,advantage_objectives,0,-1,-1,22,10,2,0,2,31,41,0.4305555555555556,0.5694444444444444,issue-112-corrected
10000,20,1131000019,1,secured_objectives,2,-2,-3,17,7,5,2,3,42,30,0.5833333333333334,0.4166666666666667,issue-112-corrected
10000,21,1131000020,1,advantage_objectives,0,1,1,23,7,4,3,1,39,33,0.5416666666666666,0.4583333333333333,issue-112-corrected
10000,22,1131000021,1,secured_objectives,1,0,-1,19,7,4,4,0,37,35,0.5138888888888888,0.4861111111111111,issue-112-corrected
10000,23,1131000022,1,secured_objectives,1,-1,-1,21,4,5,2,3,36,36,0.5,0.5,issue-112-corrected
10000,24,1131000023,2,secured_objectives,-1,3,3,24,4,3,0,3,29,43,0.4027777777777778,0.5972222222222222,issue-112-corrected
10000,25,1131000024,0,draw,0,0,0,,16,1,0,1,24,48,0.3333333333333333,0.6666666666666666,issue-112-corrected
10000,26,1131000025,0,draw,0,0,0,,6,5,3,2,38,34,0.5277777777777778,0.4722222222222222,issue-112-corrected
10000,27,1131000026,2,objective_pieces,0,0,-1,24,9,4,2,2,37,35,0.5138888888888888,0.4861111111111111,issue-112-corrected
10000,28,1131000027,0,draw,0,0,0,,6,5,2,3,34,38,0.4722222222222222,0.5277777777777778,issue-112-corrected
10000,29,1131000028,1,secured_objectives,1,1,2,3,7,1,1,0,40,32,0.5555555555555556,0.4444444444444444,issue-112-corrected
10000,30,1131000029,1,secured_objectives,1,1,0,9,4,4,1,3,33,39,0.4583333333333333,0.5416666666666666,issue-112-corrected
10000,31,1131000030,2,objective_pieces,0,0,-1,22,7,3,2,1,36,36,0.5,0.5,issue-112-corrected
10000,32,1131000031,2,secured_objectives,-1,3,3,22,7,3,1,2,32,40,0.4444444444444444,0.5555555555555556,issue-112-corrected
10000,33,1131000032,2,secured_objectives,-1,2,3,24,12,1,0,1,34,38,0.4722222222222222,0.5277777777777778,issue-112-corrected
10000,34,1131000033,1,secured_objectives,1,-1,-1,15,10,4,1,3,32,40,0.4444444444444444,0.5555555555555556,issue-112-corrected
10000,35,1131000034,1,advantage_objectives,0,2,3,23,5,5,2,3,36,36,0.5,0.5,issue-112-corrected
10000,36,1131000035,1,secured_objectives,1,-2,-4,21,9,3,2,1,38,34,0.5277777777777778,0.4722222222222222,issue-112-corrected
10000,37,1131000036,1,secured_objectives,1,-2,-4,23,5,5,2,3,39,33,0.5416666666666666,0.4583333333333333,issue-112-corrected
10000,38,1131000037,1,secured_objectives,1,-1,-1,17,6,4,2,2,40,32,0.5555555555555556,0.4444444444444444,issue-112-corrected
10000,39,1131000038,1,advantage_objectives,0,1,3,21,5,4,2,2,35,37,0.4861111111111111,0.5138888888888888,issue-112-corrected
10000,40,1131000039,2,secured_objectives,-1,2,3,18,8,2,0,2,39,33,0.5416666666666666,0.4583333333333333,issue-112-corrected
10000,41,1131000040,1,secured_objectives,1,-1,-1,19,5,4,1,3,38,34,0.5277777777777778,0.4722222222222222,issue-112-corrected
10000,42,1131000041,1,advantage_objectives,0,1,0,17,6,2,0,2,36,36,0.5,0.5,issue-112-corrected
10000,43,1131000042,2,advantage_objectives,0,-1,0,24,6,5,2,3,39,33,0.5416666666666666,0.4583333333333333,issue-112-corrected
10000,44,1131000043,1,secured_objectives,1,0,-1,21,11,2,1,1,34,38,0.4722222222222222,0.5277777777777778,issue-112-corrected
10000,45,1131000044,1,advantage_objectives,0,1,1,23,6,5,2,3,39,33,0.5416666666666666,0.4583333333333333,issue-112-corrected
10000,46,1131000045,1,secured_objectives,1,-2,-3,21,10,1,0,1,30,42,0.4166666666666667,0.5833333333333334,issue-112-corrected
10000,47,1131000046,0,draw,0,0,0,,3,5,1,4,32,40,0.4444444444444444,0.5555555555555556,issue-112-corrected
10000,48,1131000047,1,secured_objectives,1,0,0,15,7,6,3,3,39,33,0.5416666666666666,0.4583333333333333,issue-112-corrected
10000,49,1131000048,2,secured_objectives,-1,-1,1,20,10,3,1,2,34,38,0.4722222222222222,0.5277777777777778,issue-112-corrected
10000,50,1131000049,2,secured_objectives,-1,1,2,22,6,4,2,2,37,35,0.5138888888888888,0.4861111111111111,issue-112-corrected
10000,51,1131000050,1,secured_objectives,1,0,-2,21,6,4,1,3,39,33,0.5416666666666666,0.4583333333333333,issue-112-corrected
10000,52,1131000051,1,advantage_objectives,0,1,1,23,7,4,2,2,33,39,0.4583333333333333,0.5416666666666666,issue-112-corrected
10000,53,1131000052,2,advantage_objectives,0,-1,0,24,8,4,1,3,42,30,0.5833333333333334,0.4166666666666667,issue-112-corrected
10000,54,1131000053,0,draw,0,0,0,,7,3,1,2,38,34,0.5277777777777778,0.4722222222222222,issue-112-corrected
10000,55,1131000054,0,draw,0,0,0,,8,5,2,3,43,29,0.5972222222222222,0.4027777777777778,issue-112-corrected
10000,56,1131000055,2,secured_objectives,-1,2,3,22,4,4,1,3,36,36,0.5,0.5,issue-112-corrected
10000,57,1131000056,2,advantage_objectives,0,-2,-3,24,12,2,0,2,35,37,0.4861111111111111,0.5138888888888888,issue-112-corrected
10000,58,1131000057,1,secured_objectives,1,-1,-2,19,8,3,1,2,37,35,0.5138888888888888,0.4861111111111111,issue-112-corrected
10000,59,1131000058,1,advantage_objectives,0,1,3,19,4,5,3,2,37,35,0.5138888888888888,0.4861111111111111,issue-112-corrected
10000,60,1131000059,0,draw,0,0,0,,4,3,0,3,34,38,0.4722222222222222,0.5277777777777778,issue-112-corrected
10000,61,1131000060,1,secured_objectives,1,2,1,3,5,5,2,3,38,34,0.5277777777777778,0.4722222222222222,issue-112-corrected
10000,62,1131000061,1,advantage_objectives,0,1,0,23,6,4,2,2,37,35,0.5138888888888888,0.4861111111111111,issue-112-corrected
10000,63,1131000062,2,advantage_objectives,0,-1,-2,20,8,3,2,1,36,36,0.5,0.5,issue-112-corrected
10000,64,1131000063,2,secured_objectives,-1,2,4,20,8,4,1,3,38,34,0.5277777777777778,0.4722222222222222,issue-112-corrected
10000,65,1131000064,1,secured_objectives,1,-1,-2,21,4,5,3,2,37,35,0.5138888888888888,0.4861111111111111,issue-112-corrected
10000,66,1131000065,1,secured_objectives,1,-2,-2,23,5,5,2,3,37,35,0.5138888888888888,0.4861111111111111,issue-112-corrected
10000,67,1131000066,0,draw,0,0,0,,10,4,1,3,31,41,0.4305555555555556,0.5694444444444444,issue-112-corrected
10000,68,1131000067,1,secured_objectives,2,-1,-3,5,7,4,1,3,35,37,0.4861111111111111,0.5138888888888888,issue-112-corrected
10000,69,1131000068,2,advantage_objectives,0,-1,-1,24,10,3,0,3,33,39,0.4583333333333333,0.5416666666666666,issue-112-corrected
10000,70,1131000069,1,advantage_objectives,0,2,1,19,5,5,3,2,39,33,0.5416666666666666,0.4583333333333333,issue-112-corrected
10000,71,1131000070,2,advantage_objectives,0,-1,-1,24,10,5,2,3,38,34,0.5277777777777778,0.4722222222222222,issue-112-corrected
10000,72,1131000071,2,secured_objectives,-1,2,3,24,12,4,1,3,41,31,0.5694444444444444,0.4305555555555556,issue-112-corrected
10000,73,1131000072,0,draw,0,0,0,,4,3,1,2,32,40,0.4444444444444444,0.5555555555555556,issue-112-corrected
10000,74,1131000073,2,objective_pieces,0,0,-1,24,5,4,1,3,40,32,0.5555555555555556,0.4444444444444444,issue-112-corrected
10000,75,1131000074,2,secured_objectives,-1,3,4,20,6,5,2,3,41,31,0.5694444444444444,0.4305555555555556,issue-112-corrected
10000,76,1131000075,2,secured_objectives,-2,3,5,22,6,4,2,2,36,36,0.5,0.5,issue-112-corrected
10000,77,1131000076,1,secured_objectives,1,0,0,17,10,2,1,1,35,37,0.4861111111111111,0.5138888888888888,issue-112-corrected
10000,78,1131000077,1,secured_objectives,1,0,0,17,5,6,2,4,40,32,0.5555555555555556,0.4444444444444444,issue-112-corrected
10000,79,1131000078,0,draw,0,0,0,,4,3,2,1,36,36,0.5,0.5,issue-112-corrected
10000,80,1131000079,1,secured_objectives,1,-2,-3,19,6,4,2,2,36,36,0.5,0.5,issue-112-corrected
10000,81,1131000080,1,secured_objectives,1,-1,-2,21,7,4,1,3,37,35,0.5138888888888888,0.4861111111111111,issue-112-corrected
10000,82,1131000081,1,secured_objectives,2,-1,-1,13,17,5,2,3,39,33,0.5416666666666666,0.4583333333333333,issue-112-corrected
10000,83,1131000082,2,secured_objectives,-1,3,6,22,20,1,0,1,37,35,0.5138888888888888,0.4861111111111111,issue-112-corrected
10000,84,1131000083,2,secured_objectives,-1,0,0,20,8,3,1,2,37,35,0.5138888888888888,0.4861111111111111,issue-112-corrected
10000,85,1131000084,1,secured_objectives,1,-1,-1,19,8,4,1,3,38,34,0.5277777777777778,0.4722222222222222,issue-112-corrected
10000,86,1131000085,1,secured_objectives,1,1,1,23,6,5,1,4,39,33,0.5416666666666666,0.4583333333333333,issue-112-corrected
10000,87,1131000086,2,secured_objectives,-1,1,2,22,8,3,0,3,40,32,0.5555555555555556,0.4444444444444444,issue-112-corrected
10000,88,1131000087,1,secured_objectives,1,-1,-1,21,4,4,1,3,33,39,0.4583333333333333,0.5416666666666666,issue-112-corrected
10000,89,1131000088,2,secured_objectives,-2,5,7,22,7,5,2,3,41,31,0.5694444444444444,0.4305555555555556,issue-112-corrected
10000,90,1131000089,2,advantage_objectives,0,-1,1,24,6,5,2,3,39,33,0.5416666666666666,0.4583333333333333,issue-112-corrected
10000,91,1131000090,2,secured_objectives,-1,3,4,22,5,3,2,1,41,31,0.5694444444444444,0.4305555555555556,issue-112-corrected
10000,92,1131000091,0,draw,0,0,0,,12,3,1,2,37,35,0.5138888888888888,0.4861111111111111,issue-112-corrected
10000,93,1131000092,2,secured_objectives,-1,3,5,22,4,3,1,2,40,32,0.5555555555555556,0.4444444444444444,issue-112-corrected
10000,94,1131000093,1,advantage_objectives,0,1,2,23,8,3,1,2,39,33,0.5416666666666666,0.4583333333333333,issue-112-corrected
10000,95,1131000094,1,secured_objectives,1,1,1,19,5,5,3,2,40,32,0.5555555555555556,0.4444444444444444,issue-112-corrected
10000,96,1131000095,1,advantage_objectives,0,3,4,13,4,6,2,4,38,34,0.5277777777777778,0.4722222222222222,issue-112-corrected
10000,97,1131000096,1,secured_objectives,1,1,1,17,5,5,2,3,38,34,0.5277777777777778,0.4722222222222222,issue-112-corrected
10000,98,1131000097,2,objective_pieces,0,0,-1,24,5,4,1,3,37,35,0.5138888888888888,0.4861111111111111,issue-112-corrected
10000,99,1131000098,2,secured_objectives,-1,3,5,22,8,3,0,3,40,32,0.5555555555555556,0.4444444444444444,issue-112-corrected
10000,100,1131000099,1,secured_objectives,1,-1,-2,19,6,4,1,3,37,35,0.5138888888888888,0.4861111111111111,issue-112-corrected
30000,1,1151000000,1,secured_objectives,1,-1,-2,23,4,4,1,3,37,35,0.5138888888888888,0.4861111111111111,issue-112-corrected
30000,2,1151000001,2,advantage_objectives,0,-1,-2,22,7,4,2,2,38,34,0.5277777777777778,0.4722222222222222,issue-112-corrected
30000,3,1151000002,1,advantage_objectives,0,1,3,19,7,3,1,2,35,37,0.4861111111111111,0.5138888888888888,issue-112-corrected
30000,4,1151000003,1,advantage_objectives,0,3,4,7,5,4,3,1,36,36,0.5,0.5,issue-112-corrected
30000,5,1151000004,2,secured_objectives,-1,2,3,24,5,5,2,3,38,34,0.5277777777777778,0.4722222222222222,issue-112-corrected
30000,6,1151000005,1,advantage_objectives,0,1,1,15,3,4,2,2,33,39,0.4583333333333333,0.5416666666666666,issue-112-corrected
30000,7,1151000006,2,secured_objectives,-1,1,1,22,4,6,3,3,39,33,0.5416666666666666,0.4583333333333333,issue-112-corrected
30000,8,1151000007,1,advantage_objectives,0,1,3,21,6,4,1,3,36,36,0.5,0.5,issue-112-corrected
30000,9,1151000008,1,secured_objectives,1,-1,-2,5,3,3,2,1,39,33,0.5416666666666666,0.4583333333333333,issue-112-corrected
30000,10,1151000009,1,secured_objectives,1,-1,0,17,5,5,3,2,41,31,0.5694444444444444,0.4305555555555556,issue-112-corrected
30000,11,1151000010,2,advantage_objectives,0,-2,-1,24,4,4,1,3,37,35,0.5138888888888888,0.4861111111111111,issue-112-corrected
30000,12,1151000011,1,advantage_objectives,0,1,0,21,4,5,3,2,38,34,0.5277777777777778,0.4722222222222222,issue-112-corrected
30000,13,1151000012,1,secured_objectives,1,-1,-1,23,6,6,2,4,44,28,0.6111111111111112,0.3888888888888889,issue-112-corrected
30000,14,1151000013,0,draw,0,0,0,,5,5,3,2,42,30,0.5833333333333334,0.4166666666666667,issue-112-corrected
30000,15,1151000014,2,advantage_objectives,0,-1,0,24,4,4,1,3,32,40,0.4444444444444444,0.5555555555555556,issue-112-corrected
30000,16,1151000015,1,advantage_objectives,0,1,2,15,13,6,2,4,38,34,0.5277777777777778,0.4722222222222222,issue-112-corrected
30000,17,1151000016,0,draw,0,0,0,,5,5,2,3,34,38,0.4722222222222222,0.5277777777777778,issue-112-corrected
30000,18,1151000017,2,advantage_objectives,0,-1,-3,20,6,3,0,3,35,37,0.4861111111111111,0.5138888888888888,issue-112-corrected
30000,19,1151000018,1,advantage_objectives,0,2,2,23,4,3,0,3,35,37,0.4861111111111111,0.5138888888888888,issue-112-corrected
30000,20,1151000019,2,secured_objectives,-1,3,3,24,6,5,1,4,34,38,0.4722222222222222,0.5277777777777778,issue-112-corrected
30000,21,1151000020,2,secured_objectives,-1,0,0,22,6,5,2,3,38,34,0.5277777777777778,0.4722222222222222,issue-112-corrected
30000,22,1151000021,1,secured_objectives,1,0,-1,23,6,3,1,2,36,36,0.5,0.5,issue-112-corrected
30000,23,1151000022,1,secured_objectives,1,1,0,3,3,5,2,3,39,33,0.5416666666666666,0.4583333333333333,issue-112-corrected
30000,24,1151000023,1,secured_objectives,1,-1,-1,3,5,5,2,3,44,28,0.6111111111111112,0.3888888888888889,issue-112-corrected
30000,25,1151000024,2,secured_objectives,-1,2,3,24,4,4,1,3,36,36,0.5,0.5,issue-112-corrected
30000,26,1151000025,1,secured_objectives,1,0,-1,19,6,4,1,3,35,37,0.4861111111111111,0.5138888888888888,issue-112-corrected
30000,27,1151000026,0,draw,0,0,0,,6,5,2,3,34,38,0.4722222222222222,0.5277777777777778,issue-112-corrected
30000,28,1151000027,2,secured_objectives,-1,3,4,22,4,3,1,2,40,32,0.5555555555555556,0.4444444444444444,issue-112-corrected
30000,29,1151000028,2,secured_objectives,-1,1,1,22,6,5,3,2,36,36,0.5,0.5,issue-112-corrected
30000,30,1151000029,2,secured_objectives,-1,4,6,24,7,5,1,4,43,29,0.5972222222222222,0.4027777777777778,issue-112-corrected
30000,31,1151000030,2,objective_pieces,0,0,-1,24,3,4,2,2,35,37,0.4861111111111111,0.5138888888888888,issue-112-corrected
30000,32,1151000031,0,draw,0,0,0,,8,5,2,3,36,36,0.5,0.5,issue-112-corrected
30000,33,1151000032,0,draw,0,0,0,,5,4,2,2,33,39,0.4583333333333333,0.5416666666666666,issue-112-corrected
30000,34,1151000033,2,secured_objectives,-1,4,4,24,9,3,2,1,38,34,0.5277777777777778,0.4722222222222222,issue-112-corrected
30000,35,1151000034,1,advantage_objectives,0,1,2,23,8,4,1,3,37,35,0.5138888888888888,0.4861111111111111,issue-112-corrected
30000,36,1151000035,1,secured_objectives,1,0,0,21,6,3,1,2,36,36,0.5,0.5,issue-112-corrected
30000,37,1151000036,0,draw,0,0,0,,7,4,2,2,37,35,0.5138888888888888,0.4861111111111111,issue-112-corrected
30000,38,1151000037,1,secured_objectives,1,0,0,23,4,3,1,2,36,36,0.5,0.5,issue-112-corrected
30000,39,1151000038,1,secured_objectives,1,1,0,5,3,4,2,2,39,33,0.5416666666666666,0.4583333333333333,issue-112-corrected
30000,40,1151000039,2,objective_pieces,0,0,-1,24,7,5,2,3,37,35,0.5138888888888888,0.4861111111111111,issue-112-corrected
30000,41,1151000040,2,secured_objectives,-1,3,3,24,5,4,2,2,40,32,0.5555555555555556,0.4444444444444444,issue-112-corrected
30000,42,1151000041,1,secured_objectives,1,0,0,21,6,4,1,3,35,37,0.4861111111111111,0.5138888888888888,issue-112-corrected
30000,43,1151000042,1,secured_objectives,1,0,0,23,6,4,2,2,35,37,0.4861111111111111,0.5138888888888888,issue-112-corrected
30000,44,1151000043,2,secured_objectives,-1,2,2,24,9,4,3,1,41,31,0.5694444444444444,0.4305555555555556,issue-112-corrected
30000,45,1151000044,1,secured_objectives,1,0,-1,17,6,5,2,3,40,32,0.5555555555555556,0.4444444444444444,issue-112-corrected
30000,46,1151000045,1,secured_objectives,2,-2,-3,5,8,5,1,4,37,35,0.5138888888888888,0.4861111111111111,issue-112-corrected
30000,47,1151000046,1,secured_objectives,1,-2,-2,21,5,5,3,2,36,36,0.5,0.5,issue-112-corrected
30000,48,1151000047,0,draw,0,0,0,,5,3,2,1,33,39,0.4583333333333333,0.5416666666666666,issue-112-corrected
30000,49,1151000048,2,secured_objectives,-1,2,2,24,5,5,2,3,41,31,0.5694444444444444,0.4305555555555556,issue-112-corrected
30000,50,1151000049,0,draw,0,0,0,,6,3,1,2,31,41,0.4305555555555556,0.5694444444444444,issue-112-corrected
30000,51,1151000050,1,objective_pieces,0,0,1,23,4,5,2,3,36,36,0.5,0.5,issue-112-corrected
30000,52,1151000051,1,secured_objectives,1,1,0,3,5,4,2,2,43,29,0.5972222222222222,0.4027777777777778,issue-112-corrected
30000,53,1151000052,1,secured_objectives,1,1,1,3,3,6,3,3,40,32,0.5555555555555556,0.4444444444444444,issue-112-corrected
30000,54,1151000053,2,secured_objectives,-1,3,4,24,9,4,1,3,34,38,0.4722222222222222,0.5277777777777778,issue-112-corrected
30000,55,1151000054,1,secured_objectives,1,1,1,9,3,5,2,3,38,34,0.5277777777777778,0.4722222222222222,issue-112-corrected
30000,56,1151000055,2,secured_objectives,-1,3,3,24,8,5,2,3,36,36,0.5,0.5,issue-112-corrected
30000,57,1151000056,1,secured_objectives,1,1,2,23,3,5,2,3,41,31,0.5694444444444444,0.4305555555555556,issue-112-corrected
30000,58,1151000057,1,secured_objectives,1,-2,-3,17,10,5,2,3,40,32,0.5555555555555556,0.4444444444444444,issue-112-corrected
30000,59,1151000058,2,secured_objectives,-1,3,4,20,6,5,2,3,38,34,0.5277777777777778,0.4722222222222222,issue-112-corrected
30000,60,1151000059,1,secured_objectives,1,0,0,7,11,3,1,2,42,30,0.5833333333333334,0.4166666666666667,issue-112-corrected
30000,61,1151000060,2,secured_objectives,-1,1,2,24,3,5,2,3,36,36,0.5,0.5,issue-112-corrected
30000,62,1151000061,1,secured_objectives,2,-2,-2,17,7,5,2,3,43,29,0.5972222222222222,0.4027777777777778,issue-112-corrected
30000,63,1151000062,2,secured_objectives,-1,1,2,24,6,5,2,3,37,35,0.5138888888888888,0.4861111111111111,issue-112-corrected
30000,64,1151000063,1,advantage_objectives,0,1,2,23,8,3,0,3,33,39,0.4583333333333333,0.5416666666666666,issue-112-corrected
30000,65,1151000064,2,advantage_objectives,0,-1,-2,22,7,4,2,2,38,34,0.5277777777777778,0.4722222222222222,issue-112-corrected
30000,66,1151000065,1,secured_objectives,1,1,2,11,5,4,2,2,38,34,0.5277777777777778,0.4722222222222222,issue-112-corrected
30000,67,1151000066,2,secured_objectives,-1,2,3,22,7,4,2,2,38,34,0.5277777777777778,0.4722222222222222,issue-112-corrected
30000,68,1151000067,1,advantage_objectives,0,1,0,23,4,5,3,2,37,35,0.5138888888888888,0.4861111111111111,issue-112-corrected
30000,69,1151000068,2,secured_objectives,-1,1,2,24,4,2,0,2,36,36,0.5,0.5,issue-112-corrected
30000,70,1151000069,2,objective_pieces,0,0,-1,24,6,6,2,4,38,34,0.5277777777777778,0.4722222222222222,issue-112-corrected
30000,71,1151000070,2,secured_objectives,-1,0,1,24,5,4,2,2,32,40,0.4444444444444444,0.5555555555555556,issue-112-corrected
30000,72,1151000071,1,secured_objectives,2,-2,-4,21,9,4,2,2,35,37,0.4861111111111111,0.5138888888888888,issue-112-corrected
30000,73,1151000072,2,secured_objectives,-1,2,2,24,6,4,1,3,35,37,0.4861111111111111,0.5138888888888888,issue-112-corrected
30000,74,1151000073,0,draw,0,0,0,,4,4,1,3,38,34,0.5277777777777778,0.4722222222222222,issue-112-corrected
30000,75,1151000074,1,advantage_objectives,0,2,2,15,7,5,2,3,35,37,0.4861111111111111,0.5138888888888888,issue-112-corrected
30000,76,1151000075,1,secured_objectives,2,-2,-4,21,6,5,4,1,38,34,0.5277777777777778,0.4722222222222222,issue-112-corrected
30000,77,1151000076,1,advantage_objectives,0,1,2,15,7,3,1,2,38,34,0.5277777777777778,0.4722222222222222,issue-112-corrected
30000,78,1151000077,0,draw,0,0,0,,9,5,3,2,42,30,0.5833333333333334,0.4166666666666667,issue-112-corrected
30000,79,1151000078,1,secured_objectives,1,1,0,3,5,5,2,3,38,34,0.5277777777777778,0.4722222222222222,issue-112-corrected
30000,80,1151000079,1,secured_objectives,2,-3,-3,23,5,5,2,3,38,34,0.5277777777777778,0.4722222222222222,issue-112-corrected
30000,81,1151000080,0,draw,0,0,0,,6,4,2,2,33,39,0.4583333333333333,0.5416666666666666,issue-112-corrected
30000,82,1151000081,1,advantage_objectives,0,1,1,23,3,4,2,2,38,34,0.5277777777777778,0.4722222222222222,issue-112-corrected
30000,83,1151000082,0,draw,0,0,0,,6,5,2,3,38,34,0.5277777777777778,0.4722222222222222,issue-112-corrected
30000,84,1151000083,2,advantage_objectives,0,-1,0,24,6,5,2,3,42,30,0.5833333333333334,0.4166666666666667,issue-112-corrected
30000,85,1151000084,2,secured_objectives,-1,2,4,24,7,3,1,2,38,34,0.5277777777777778,0.4722222222222222,issue-112-corrected
30000,86,1151000085,1,advantage_objectives,0,1,2,5,7,5,1,4,34,38,0.4722222222222222,0.5277777777777778,issue-112-corrected
30000,87,1151000086,0,draw,0,0,0,,11,3,1,2,36,36,0.5,0.5,issue-112-corrected
30000,88,1151000087,2,secured_objectives,-1,0,0,14,4,6,4,2,49,23,0.6805555555555556,0.3194444444444444,issue-112-corrected
30000,89,1151000088,2,secured_objectives,-1,3,5,22,7,3,1,2,40,32,0.5555555555555556,0.4444444444444444,issue-112-corrected
30000,90,1151000089,2,secured_objectives,-1,1,2,24,4,4,2,2,36,36,0.5,0.5,issue-112-corrected
30000,91,1151000090,1,secured_objectives,1,-1,-1,23,13,2,1,1,37,35,0.5138888888888888,0.4861111111111111,issue-112-corrected
30000,92,1151000091,1,secured_objectives,1,-1,-2,21,5,5,2,3,41,31,0.5694444444444444,0.4305555555555556,issue-112-corrected
30000,93,1151000092,1,secured_objectives,1,1,1,3,5,4,2,2,39,33,0.5416666666666666,0.4583333333333333,issue-112-corrected
30000,94,1151000093,1,advantage_objectives,0,2,3,23,7,4,1,3,37,35,0.5138888888888888,0.4861111111111111,issue-112-corrected
30000,95,1151000094,2,secured_objectives,-1,3,3,24,4,5,3,2,36,36,0.5,0.5,issue-112-corrected
30000,96,1151000095,1,secured_objectives,1,2,1,15,7,3,2,1,33,39,0.4583333333333333,0.5416666666666666,issue-112-corrected
30000,97,1151000096,0,draw,0,0,0,,6,3,1,2,32,40,0.4444444444444444,0.5555555555555556,issue-112-corrected
30000,98,1151000097,2,secured_objectives,-1,2,2,22,8,5,2,3,37,35,0.5138888888888888,0.4861111111111111,issue-112-corrected
30000,99,1151000098,2,secured_objectives,-1,2,3,22,6,3,1,2,36,36,0.5,0.5,issue-112-corrected
30000,100,1151000099,2,secured_objectives,-1,2,2,24,8,3,1,2,30,42,0.4166666666666667,0.5833333333333334,issue-112-corrected
100000,1,1221000000,2,secured_objectives,-1,3,3,24,6,5,2,3,42,30,0.5833333333333334,0.4166666666666667,issue-112-corrected
100000,2,1221000001,1,secured_objectives,1,-1,-1,17,4,4,2,2,43,29,0.5972222222222222,0.4027777777777778,issue-112-corrected
100000,3,1221000002,1,secured_objectives,2,-1,-2,17,5,5,2,3,42,30,0.5833333333333334,0.4166666666666667,issue-112-corrected
100000,4,1221000003,1,secured_objectives,2,-1,-2,15,6,4,1,3,37,35,0.5138888888888888,0.4861111111111111,issue-112-corrected
100000,5,1221000004,1,secured_objectives,2,-3,-5,15,5,4,2,2,41,31,0.5694444444444444,0.4305555555555556,issue-112-corrected
100000,6,1221000005,1,secured_objectives,2,-2,-3,19,5,3,2,1,37,35,0.5138888888888888,0.4861111111111111,issue-112-corrected
100000,7,1221000006,1,secured_objectives,1,-1,-1,21,6,5,2,3,39,33,0.5416666666666666,0.4583333333333333,issue-112-corrected
100000,8,1221000007,1,secured_objectives,1,0,0,5,4,6,2,4,42,30,0.5833333333333334,0.4166666666666667,issue-112-corrected
100000,9,1221000008,2,secured_objectives,-1,0,0,22,4,6,3,3,41,31,0.5694444444444444,0.4305555555555556,issue-112-corrected
100000,10,1221000009,0,draw,0,0,0,,5,5,3,2,42,30,0.5833333333333334,0.4166666666666667,issue-112-corrected
100000,11,1221000010,1,secured_objectives,1,1,0,7,3,5,2,3,37,35,0.5138888888888888,0.4861111111111111,issue-112-corrected
100000,12,1221000011,1,secured_objectives,1,-2,-2,3,3,4,2,2,41,31,0.5694444444444444,0.4305555555555556,issue-112-corrected
100000,13,1221000012,2,secured_objectives,-1,2,2,24,4,5,2,3,38,34,0.5277777777777778,0.4722222222222222,issue-112-corrected
100000,14,1221000013,1,secured_objectives,2,-4,-6,23,3,5,2,3,36,36,0.5,0.5,issue-112-corrected
100000,15,1221000014,2,secured_objectives,-1,1,3,24,12,4,1,3,34,38,0.4722222222222222,0.5277777777777778,issue-112-corrected
100000,16,1221000015,1,advantage_objectives,0,1,1,19,3,5,2,3,37,35,0.5138888888888888,0.4861111111111111,issue-112-corrected
100000,17,1221000016,0,draw,0,0,0,,5,4,2,2,36,36,0.5,0.5,issue-112-corrected
100000,18,1221000017,1,secured_objectives,1,-1,-1,21,6,3,1,2,32,40,0.4444444444444444,0.5555555555555556,issue-112-corrected
100000,19,1221000018,1,secured_objectives,1,1,2,23,3,4,2,2,37,35,0.5138888888888888,0.4861111111111111,issue-112-corrected
100000,20,1221000019,2,objective_pieces,0,0,-1,24,6,4,2,2,37,35,0.5138888888888888,0.4861111111111111,issue-112-corrected
100000,21,1221000020,0,draw,0,0,0,,4,5,2,3,36,36,0.5,0.5,issue-112-corrected
100000,22,1221000021,1,secured_objectives,1,0,-1,13,4,5,2,3,40,32,0.5555555555555556,0.4444444444444444,issue-112-corrected
100000,23,1221000022,2,objective_pieces,0,0,-1,24,4,5,3,2,33,39,0.4583333333333333,0.5416666666666666,issue-112-corrected
100000,24,1221000023,0,draw,0,0,0,,4,5,3,2,38,34,0.5277777777777778,0.4722222222222222,issue-112-corrected
100000,25,1221000024,1,secured_objectives,2,-3,-5,21,3,4,2,2,37,35,0.5138888888888888,0.4861111111111111,issue-112-corrected
100000,26,1221000025,1,secured_objectives,1,-1,-2,15,6,3,1,2,31,41,0.4305555555555556,0.5694444444444444,issue-112-corrected
100000,27,1221000026,1,advantage_objectives,0,2,3,15,5,5,2,3,40,32,0.5555555555555556,0.4444444444444444,issue-112-corrected
100000,28,1221000027,1,secured_objectives,1,-2,-2,11,3,5,2,3,35,37,0.4861111111111111,0.5138888888888888,issue-112-corrected
100000,29,1221000028,2,secured_objectives,-1,1,2,24,15,3,1,2,31,41,0.4305555555555556,0.5694444444444444,issue-112-corrected
100000,30,1221000029,1,advantage_objectives,0,2,2,21,6,5,3,2,43,29,0.5972222222222222,0.4027777777777778,issue-112-corrected
100000,31,1221000030,1,secured_objectives,1,0,1,23,5,5,2,3,41,31,0.5694444444444444,0.4305555555555556,issue-112-corrected
100000,32,1221000031,2,secured_objectives,-1,2,4,20,4,3,1,2,41,31,0.5694444444444444,0.4305555555555556,issue-112-corrected
100000,33,1221000032,1,advantage_objectives,0,1,1,17,3,5,2,3,39,33,0.5416666666666666,0.4583333333333333,issue-112-corrected
100000,34,1221000033,1,secured_objectives,1,0,0,21,3,6,2,4,37,35,0.5138888888888888,0.4861111111111111,issue-112-corrected
100000,35,1221000034,1,secured_objectives,2,-2,-3,9,3,6,3,3,39,33,0.5416666666666666,0.4583333333333333,issue-112-corrected
100000,36,1221000035,2,secured_objectives,-1,2,3,24,4,6,4,2,41,31,0.5694444444444444,0.4305555555555556,issue-112-corrected
100000,37,1221000036,1,secured_objectives,1,3,3,21,5,5,2,3,38,34,0.5277777777777778,0.4722222222222222,issue-112-corrected
100000,38,1221000037,1,secured_objectives,1,0,0,23,3,5,2,3,39,33,0.5416666666666666,0.4583333333333333,issue-112-corrected
100000,39,1221000038,2,secured_objectives,-1,1,1,22,3,5,3,2,44,28,0.6111111111111112,0.3888888888888889,issue-112-corrected
100000,40,1221000039,2,advantage_objectives,0,-1,-1,24,5,5,2,3,38,34,0.5277777777777778,0.4722222222222222,issue-112-corrected
100000,41,1221000040,0,draw,0,0,0,,3,4,1,3,32,40,0.4444444444444444,0.5555555555555556,issue-112-corrected
100000,42,1221000041,0,draw,0,0,0,,5,6,2,4,40,32,0.5555555555555556,0.4444444444444444,issue-112-corrected
100000,43,1221000042,1,secured_objectives,2,-2,-4,15,6,5,2,3,35,37,0.4861111111111111,0.5138888888888888,issue-112-corrected
100000,44,1221000043,0,draw,0,0,0,,3,6,3,3,38,34,0.5277777777777778,0.4722222222222222,issue-112-corrected
100000,45,1221000044,1,advantage_objectives,0,1,0,21,6,3,1,2,38,34,0.5277777777777778,0.4722222222222222,issue-112-corrected
100000,46,1221000045,1,secured_objectives,1,-1,-2,19,6,5,3,2,39,33,0.5416666666666666,0.4583333333333333,issue-112-corrected
100000,47,1221000046,2,objective_pieces,0,0,-1,24,4,5,2,3,39,33,0.5416666666666666,0.4583333333333333,issue-112-corrected
100000,48,1221000047,2,secured_objectives,-1,2,4,22,5,4,1,3,39,33,0.5416666666666666,0.4583333333333333,issue-112-corrected
100000,49,1221000048,2,advantage_objectives,0,-1,-2,22,6,5,2,3,36,36,0.5,0.5,issue-112-corrected
100000,50,1221000049,2,secured_objectives,-1,2,3,22,4,4,1,3,48,24,0.6666666666666666,0.3333333333333333,issue-112-corrected
100000,51,1221000050,1,advantage_objectives,0,1,1,19,4,3,1,2,32,40,0.4444444444444444,0.5555555555555556,issue-112-corrected
100000,52,1221000051,1,secured_objectives,2,-2,-3,17,6,4,1,3,37,35,0.5138888888888888,0.4861111111111111,issue-112-corrected
100000,53,1221000052,1,secured_objectives,1,-1,-1,23,6,5,3,2,44,28,0.6111111111111112,0.3888888888888889,issue-112-corrected
100000,54,1221000053,1,secured_objectives,1,2,1,9,3,5,2,3,38,34,0.5277777777777778,0.4722222222222222,issue-112-corrected
100000,55,1221000054,2,objective_pieces,0,0,-1,24,5,5,2,3,37,35,0.5138888888888888,0.4861111111111111,issue-112-corrected
100000,56,1221000055,1,advantage_objectives,0,2,2,23,3,6,3,3,38,34,0.5277777777777778,0.4722222222222222,issue-112-corrected
100000,57,1221000056,1,objective_pieces,0,0,1,21,5,4,1,3,42,30,0.5833333333333334,0.4166666666666667,issue-112-corrected
100000,58,1221000057,0,draw,0,0,0,,9,4,2,2,40,32,0.5555555555555556,0.4444444444444444,issue-112-corrected
100000,59,1221000058,0,draw,0,0,0,,6,5,2,3,38,34,0.5277777777777778,0.4722222222222222,issue-112-corrected
100000,60,1221000059,1,secured_objectives,1,0,-1,9,5,6,3,3,40,32,0.5555555555555556,0.4444444444444444,issue-112-corrected
100000,61,1221000060,1,advantage_objectives,0,1,1,21,7,4,2,2,35,37,0.4861111111111111,0.5138888888888888,issue-112-corrected
100000,62,1221000061,2,secured_objectives,-1,2,1,24,5,6,3,3,37,35,0.5138888888888888,0.4861111111111111,issue-112-corrected
100000,63,1221000062,1,secured_objectives,1,-1,-1,19,4,3,1,2,37,35,0.5138888888888888,0.4861111111111111,issue-112-corrected
100000,64,1221000063,2,secured_objectives,-1,-2,-2,20,4,5,2,3,41,31,0.5694444444444444,0.4305555555555556,issue-112-corrected
100000,65,1221000064,2,secured_objectives,-1,2,2,22,6,4,1,3,36,36,0.5,0.5,issue-112-corrected
100000,66,1221000065,1,secured_objectives,2,-2,-3,9,5,4,3,1,39,33,0.5416666666666666,0.4583333333333333,issue-112-corrected
100000,67,1221000066,1,secured_objectives,1,-1,-1,3,5,5,2,3,40,32,0.5555555555555556,0.4444444444444444,issue-112-corrected
100000,68,1221000067,1,secured_objectives,1,0,-1,19,6,5,3,2,40,32,0.5555555555555556,0.4444444444444444,issue-112-corrected
100000,69,1221000068,2,secured_objectives,-1,1,2,24,4,3,1,2,35,37,0.4861111111111111,0.5138888888888888,issue-112-corrected
100000,70,1221000069,1,secured_objectives,1,-1,-1,17,5,4,2,2,38,34,0.5277777777777778,0.4722222222222222,issue-112-corrected
100000,71,1221000070,1,secured_objectives,1,0,-1,19,7,4,2,2,40,32,0.5555555555555556,0.4444444444444444,issue-112-corrected
100000,72,1221000071,1,advantage_objectives,0,2,2,23,3,5,3,2,40,32,0.5555555555555556,0.4444444444444444,issue-112-corrected
100000,73,1221000072,2,secured_objectives,-1,3,4,24,8,5,2,3,41,31,0.5694444444444444,0.4305555555555556,issue-112-corrected
100000,74,1221000073,2,advantage_objectives,0,-1,-1,24,10,5,2,3,37,35,0.5138888888888888,0.4861111111111111,issue-112-corrected
100000,75,1221000074,2,secured_objectives,-1,2,3,24,3,6,3,3,40,32,0.5555555555555556,0.4444444444444444,issue-112-corrected
100000,76,1221000075,0,draw,0,0,0,,12,3,1,2,36,36,0.5,0.5,issue-112-corrected
100000,77,1221000076,1,secured_objectives,2,-1,-3,15,5,2,1,1,37,35,0.5138888888888888,0.4861111111111111,issue-112-corrected
100000,78,1221000077,2,objective_pieces,0,0,-1,24,6,3,0,3,35,37,0.4861111111111111,0.5138888888888888,issue-112-corrected
100000,79,1221000078,1,advantage_objectives,0,1,2,23,6,4,2,2,35,37,0.4861111111111111,0.5138888888888888,issue-112-corrected
100000,80,1221000079,1,advantage_objectives,0,2,2,23,6,5,2,3,38,34,0.5277777777777778,0.4722222222222222,issue-112-corrected
100000,81,1221000080,1,secured_objectives,1,-2,-2,19,6,2,1,1,40,32,0.5555555555555556,0.4444444444444444,issue-112-corrected
100000,82,1221000081,1,secured_objectives,1,-1,0,19,10,2,0,2,32,40,0.4444444444444444,0.5555555555555556,issue-112-corrected
100000,83,1221000082,2,secured_objectives,-1,3,4,24,5,5,2,3,41,31,0.5694444444444444,0.4305555555555556,issue-112-corrected
100000,84,1221000083,2,objective_pieces,0,0,-1,24,3,3,2,1,37,35,0.5138888888888888,0.4861111111111111,issue-112-corrected
100000,85,1221000084,1,advantage_objectives,0,1,1,17,3,4,1,3,39,33,0.5416666666666666,0.4583333333333333,issue-112-corrected
100000,86,1221000085,2,advantage_objectives,0,-1,-1,24,6,5,0,5,39,33,0.5416666666666666,0.4583333333333333,issue-112-corrected
100000,87,1221000086,1,secured_objectives,1,0,0,15,3,5,2,3,37,35,0.5138888888888888,0.4861111111111111,issue-112-corrected
100000,88,1221000087,2,secured_objectives,-1,-1,-1,20,3,4,2,2,39,33,0.5416666666666666,0.4583333333333333,issue-112-corrected
100000,89,1221000088,1,secured_objectives,2,0,-1,21,6,5,2,3,37,35,0.5138888888888888,0.4861111111111111,issue-112-corrected
100000,90,1221000089,2,secured_objectives,-1,0,0,22,4,5,2,3,37,35,0.5138888888888888,0.4861111111111111,issue-112-corrected
100000,91,1221000090,0,draw,0,0,0,,6,4,1,3,30,42,0.4166666666666667,0.5833333333333334,issue-112-corrected
100000,92,1221000091,0,draw,0,0,0,,3,5,2,3,36,36,0.5,0.5,issue-112-corrected
100000,93,1221000092,2,advantage_objectives,0,-1,-1,22,5,5,2,3,35,37,0.4861111111111111,0.5138888888888888,issue-112-corrected
100000,94,1221000093,0,draw,0,0,0,,3,3,1,2,36,36,0.5,0.5,issue-112-corrected
100000,95,1221000094,1,secured_objectives,1,-1,-1,17,5,5,2,3,42,30,0.5833333333333334,0.4166666666666667,issue-112-corrected
100000,96,1221000095,1,secured_objectives,1,-1,0,15,5,5,4,1,41,31,0.5694444444444444,0.4305555555555556,issue-112-corrected
100000,97,1221000096,2,secured_objectives,-1,2,1,20,4,4,1,3,42,30,0.5833333333333334,0.4166666666666667,issue-112-corrected
100000,98,1221000097,0,draw,0,0,0,,3,5,2,3,38,34,0.5277777777777778,0.4722222222222222,issue-112-corrected
100000,99,1221000098,1,secured_objectives,2,-2,-3,15,6,6,2,4,45,27,0.625,0.375,issue-112-corrected
100000,100,1221000099,1,advantage_objectives,0,2,2,3,3,4,2,2,41,31,0.5694444444444444,0.4305555555555556,issue-112-corrected
