"source_issue","board","experiment_id","search_level","iteration_limit","game_index","seed","trial_file","trial_sha256"
"73","7x7","7x7-seeded-random","seeded-random","-1","1","730000","experiments/issue-73/results/trials/7x7-seeded-random/7x7-seeded-random-0001.trl","fa6d969f1e570e6b5b020e8f6c5da03704cdc26e0689b811087760f6771a1aae"
"73","7x7","7x7-seeded-random","seeded-random","-1","2","730001","experiments/issue-73/results/trials/7x7-seeded-random/7x7-seeded-random-0002.trl","212fb0f9334a589b31366b42cf7b46499b6ac5bb53437de1671c14af4ebf89ec"
"73","7x7","7x7-seeded-random","seeded-random","-1","3","730002","experiments/issue-73/results/trials/7x7-seeded-random/7x7-seeded-random-0003.trl","d6bb54f1a8e693ff25625f8a4dbee2742ecf8cddc6a5b1160074f47e55fbb368"
"73","7x7","7x7-seeded-random","seeded-random","-1","4","730003","experiments/issue-73/results/trials/7x7-seeded-random/7x7-seeded-random-0004.trl","512c4c1c68524e43e3b9c1117ee460ef280b252b795a66b6f0d3d3637d3f22fa"
"73","7x7","7x7-seeded-random","seeded-random","-1","5","730004","experiments/issue-73/results/trials/7x7-seeded-random/7x7-seeded-random-0005.trl","4c0bd3646a36c5f7ee554320b07bf90794400f8bd671798636701564f8ad7695"
"73","7x7","7x7-seeded-random","seeded-random","-1","6","730005","experiments/issue-73/results/trials/7x7-seeded-random/7x7-seeded-random-0006.trl","82851153e318d70248919d6985ba80ceeda2da90bd10b99e54a781dcc0d56175"
"73","7x7","7x7-seeded-random","seeded-random","-1","7","730006","experiments/issue-73/results/trials/7x7-seeded-random/7x7-seeded-random-0007.trl","4fe7930369a46ad83feabfe16ad642e1b06a76fd95e2e62dcdbf0159931a9e9d"
"73","7x7","7x7-seeded-random","seeded-random","-1","8","730007","experiments/issue-73/results/trials/7x7-seeded-random/7x7-seeded-random-0008.trl","508ff8661b0dd561ce8a3fb62a7a04f04bd9df7bb5c2f168aaec9b33b44a356e"
"73","7x7","7x7-seeded-random","seeded-random","-1","9","730008","experiments/issue-73/results/trials/7x7-seeded-random/7x7-seeded-random-0009.trl","8f8c2855d769542c5b83d53f459b7c78c249d7d9dc5fecb8f52191366b0e9fd9"
"73","7x7","7x7-seeded-random","seeded-random","-1","10","730009","experiments/issue-73/results/trials/7x7-seeded-random/7x7-seeded-random-0010.trl","99fb826b341802d9b5b2a8555d54b6692d54ce7fc874ce2d6a6672cb154a1c12"
"73","7x7","7x7-seeded-random","seeded-random","-1","11","730010","experiments/issue-73/results/trials/7x7-seeded-random/7x7-seeded-random-0011.trl","7dd14e68633108a885f35123eb7951ef272f10c2b9f70bff5d3f5d5ec93c6b60"
"73","7x7","7x7-seeded-random","seeded-random","-1","12","730011","experiments/issue-73/results/trials/7x7-seeded-random/7x7-seeded-random-0012.trl","1208fda2fae187b06cfa03b1009b79389124cde56a48bf8370727771a7bea171"
"73","7x7","7x7-seeded-random","seeded-random","-1","13","730012","experiments/issue-73/results/trials/7x7-seeded-random/7x7-seeded-random-0013.trl","d020fc73daf8976d38ad0c8f7fb784ac7cd28c2a4cb1420b91c6c21ace064155"
"73","7x7","7x7-seeded-random","seeded-random","-1","14","730013","experiments/issue-73/results/trials/7x7-seeded-random/7x7-seeded-random-0014.trl","24aa6d86e57305c42120ba48c0e615c16d2de6350fedabd90e541f9007376019"
"73","7x7","7x7-seeded-random","seeded-random","-1","15","730014","experiments/issue-73/results/trials/7x7-seeded-random/7x7-seeded-random-0015.trl","66566f75d1a61f06d68a9bd6d885e905a0414dea39bcefe85cc2c2f738525a6e"
"73","7x7","7x7-seeded-random","seeded-random","-1","16","730015","experiments/issue-73/results/trials/7x7-seeded-random/7x7-seeded-random-0016.trl","b0babe0a2d74107cbbfbd6ad740431ce30fb719fa7db9b639b081d55d319f47b"
"73","7x7","7x7-seeded-random","seeded-random","-1","17","730016","experiments/issue-73/results/trials/7x7-seeded-random/7x7-seeded-random-0017.trl","17f0f5a7cf37eadf879a30d6baf0bf7a676bf61191219403aa5343e473d8add7"
"73","7x7","7x7-seeded-random","seeded-random","-1","18","730017","experiments/issue-73/results/trials/7x7-seeded-random/7x7-seeded-random-0018.trl","7b4737488ddb3bac3d9b14cc9077a757113e4cb597e3e0fd04f235227ca9c02b"
"73","7x7","7x7-seeded-random","seeded-random","-1","19","730018","experiments/issue-73/results/trials/7x7-seeded-random/7x7-seeded-random-0019.trl","3d489e2b450991f98d253c9a76e0185a25b3409348346743a97261f03966c40e"
"73","7x7","7x7-seeded-random","seeded-random","-1","20","730019","experiments/issue-73/results/trials/7x7-seeded-random/7x7-seeded-random-0020.trl","fbc1baea10c2e027e54532678c27e4c5e32e03d2d0799a9249ee2ee006447203"
"73","7x7","7x7-seeded-random","seeded-random","-1","21","730020","experiments/issue-73/results/trials/7x7-seeded-random/7x7-seeded-random-0021.trl","34a8fee2acda7c4139d5a2cae2c78e8f7a1ec176cf67289568c83a2af062a3d2"
"73","7x7","7x7-seeded-random","seeded-random","-1","22","730021","experiments/issue-73/results/trials/7x7-seeded-random/7x7-seeded-random-0022.trl","68f069ecc836107791e95d2dd625333190b86f5cdb9fa955c9d1468c29552f6d"
"73","7x7","7x7-seeded-random","seeded-random","-1","23","730022","experiments/issue-73/results/trials/7x7-seeded-random/7x7-seeded-random-0023.trl","744daf729ed0290b009873471ceeaa284fb0370a088ed604328cd9706b9e6734"
"73","7x7","7x7-seeded-random","seeded-random","-1","24","730023","experiments/issue-73/results/trials/7x7-seeded-random/7x7-seeded-random-0024.trl","eec57ca30ff6229f045bed7dfaea04d4cd63aa474311ffa1a1b2f19c3c6b93cb"
"73","7x7","7x7-seeded-random","seeded-random","-1","25","730024","experiments/issue-73/results/trials/7x7-seeded-random/7x7-seeded-random-0025.trl","ce00e415f0159a762fe51624422af0da689726e6dfa8d02ffae1df8ea66956e3"
"73","7x7","7x7-seeded-random","seeded-random","-1","26","730025","experiments/issue-73/results/trials/7x7-seeded-random/7x7-seeded-random-0026.trl","3a3cc1e6566fc8c5f29d83bbdc82369052f36e7e5cd75144e806dcb517d627cc"
"73","7x7","7x7-seeded-random","seeded-random","-1","27","730026","experiments/issue-73/results/trials/7x7-seeded-random/7x7-seeded-random-0027.trl","23a81eb6a9cd9f616c34fc935453d408e0821cb2f1da0cf53d1df503f83376c7"
"73","7x7","7x7-seeded-random","seeded-random","-1","28","730027","experiments/issue-73/results/trials/7x7-seeded-random/7x7-seeded-random-0028.trl","6a67c897edca1375e528e9ed37f8446e545ccffec77f6146151fc4731e523b46"
"73","7x7","7x7-seeded-random","seeded-random","-1","29","730028","experiments/issue-73/results/trials/7x7-seeded-random/7x7-seeded-random-0029.trl","abf23c67eaf01b027bf4c6cfd454196c9b1aaeb2394d34fe295991dee882d25c"
"73","7x7","7x7-seeded-random","seeded-random","-1","30","730029","experiments/issue-73/results/trials/7x7-seeded-random/7x7-seeded-random-0030.trl","a262e978edcc52a12ac7d6df218977169047d1f1cf338169d4463d9a6592521b"
"73","7x7","7x7-seeded-random","seeded-random","-1","31","730030","experiments/issue-73/results/trials/7x7-seeded-random/7x7-seeded-random-0031.trl","4a8706e7c5f6034ec13c83796eaa3d81d434d14ab135a0a494b36c1ce24caedc"
"73","7x7","7x7-seeded-random","seeded-random","-1","32","730031","experiments/issue-73/results/trials/7x7-seeded-random/7x7-seeded-random-0032.trl","d0e7ba4c4132fee9d21da9e90098de50be4fc8986eff0a9653341bb3300f2b06"
"73","7x7","7x7-seeded-random","seeded-random","-1","33","730032","experiments/issue-73/results/trials/7x7-seeded-random/7x7-seeded-random-0033.trl","0c238b9a0641d6d6819202863332521050e2df8fe5279fd7b04d56a2f5fb7438"
"73","7x7","7x7-seeded-random","seeded-random","-1","34","730033","experiments/issue-73/results/trials/7x7-seeded-random/7x7-seeded-random-0034.trl","f972d718d6124f7b6f7fa891ec1a100a1d1eb3e6b6bedaa3d8b629073d16ff20"
"73","7x7","7x7-seeded-random","seeded-random","-1","35","730034","experiments/issue-73/results/trials/7x7-seeded-random/7x7-seeded-random-0035.trl","eed9cbfc00cbbe33e0d991dadbc261d963daf820db758f465f7077b86be1b55e"
"73","7x7","7x7-seeded-random","seeded-random","-1","36","730035","experiments/issue-73/results/trials/7x7-seeded-random/7x7-seeded-random-0036.trl","01d00a1574ee46f38537f2cc60f2564c57e8f35f258f80e4e653672dcad9d768"
"73","7x7","7x7-seeded-random","seeded-random","-1","37","730036","experiments/issue-73/results/trials/7x7-seeded-random/7x7-seeded-random-0037.trl","b1b354934b11bfc300bd73890eacd958e5e4552a22d5c6f95a74e145148382fb"
"73","7x7","7x7-seeded-random","seeded-random","-1","38","730037","experiments/issue-73/results/trials/7x7-seeded-random/7x7-seeded-random-0038.trl","3a53347cae9ddb41815c138eadc8a92f37e91999e2d8a76fbe0ccf8b10ae7586"
"73","7x7","7x7-seeded-random","seeded-random","-1","39","730038","experiments/issue-73/results/trials/7x7-seeded-random/7x7-seeded-random-0039.trl","fd9ed58cbe7bea12321a7ed41d9a56f61c6e4cc99c70d1b07203176dd7e16cea"
"73","7x7","7x7-seeded-random","seeded-random","-1","40","730039","experiments/issue-73/results/trials/7x7-seeded-random/7x7-seeded-random-0040.trl","bbf2c72898ba4b8b89fc31e59d84f4a99767f1f4e2762f99c3d4e5cae474f3c5"
"73","7x7","7x7-seeded-random","seeded-random","-1","41","730040","experiments/issue-73/results/trials/7x7-seeded-random/7x7-seeded-random-0041.trl","8164fc1d1800b0fbec5d67c369af2103f7feb4f8d99f6d9f67fef6f379b3676a"
"73","7x7","7x7-seeded-random","seeded-random","-1","42","730041","experiments/issue-73/results/trials/7x7-seeded-random/7x7-seeded-random-0042.trl","8f6afda1b223cd1ad513faffb5dcb2bdc228e519eb5abdc84ab3ebbe5f57c9ea"
"73","7x7","7x7-seeded-random","seeded-random","-1","43","730042","experiments/issue-73/results/trials/7x7-seeded-random/7x7-seeded-random-0043.trl","d101217acfeb82399b8ebc1d8b38769e374f2d0da08c06b9ac73d12c00c80588"
"73","7x7","7x7-seeded-random","seeded-random","-1","44","730043","experiments/issue-73/results/trials/7x7-seeded-random/7x7-seeded-random-0044.trl","401538eeb3fd2223a7046ce5e55698038d267c5864a0165ff53bff50538176d0"
"73","7x7","7x7-seeded-random","seeded-random","-1","45","730044","experiments/issue-73/results/trials/7x7-seeded-random/7x7-seeded-random-0045.trl","3fdb10f4f0d917fa90cc19bcb70c9a27fef93494c695be6825e1f3003f006bc0"
"73","7x7","7x7-seeded-random","seeded-random","-1","46","730045","experiments/issue-73/results/trials/7x7-seeded-random/7x7-seeded-random-0046.trl","af76fc0730e81c832b4bd9e6c448d550d306bcfdbac8dfebdd300c0f261d6ccf"
"73","7x7","7x7-seeded-random","seeded-random","-1","47","730046","experiments/issue-73/results/trials/7x7-seeded-random/7x7-seeded-random-0047.trl","77409fcd58ffbcf90195c5654cbc77b63ae7eefa18e8e2bcc75ff11e8d1a42a8"
"73","7x7","7x7-seeded-random","seeded-random","-1","48","730047","experiments/issue-73/results/trials/7x7-seeded-random/7x7-seeded-random-0048.trl","83401534629e0af06ba82c95dc7a7085edfbeb17a90d96d3f4f871d4f7c6c7de"
"73","7x7","7x7-seeded-random","seeded-random","-1","49","730048","experiments/issue-73/results/trials/7x7-seeded-random/7x7-seeded-random-0049.trl","c5a903ce57cc8aaeadcc7360a2554e4f0ac93b27022cc058d10dfe6a447274e7"
"73","7x7","7x7-seeded-random","seeded-random","-1","50","730049","experiments/issue-73/results/trials/7x7-seeded-random/7x7-seeded-random-0050.trl","f3df436c62353363af77dadfd21c077c251714984abcde8c688f5a4b30e82267"
"73","7x7","7x7-seeded-random","seeded-random","-1","51","730050","experiments/issue-73/results/trials/7x7-seeded-random/7x7-seeded-random-0051.trl","afd30eeb7d9ad2bc75940c8642795f1297558bfa806d914c529f230587fa4a15"
"73","7x7","7x7-seeded-random","seeded-random","-1","52","730051","experiments/issue-73/results/trials/7x7-seeded-random/7x7-seeded-random-0052.trl","0559e5741046397ea25514ab9e9db175182c2f56eb2c15c5ae2975f671a3178f"
"73","7x7","7x7-seeded-random","seeded-random","-1","53","730052","experiments/issue-73/results/trials/7x7-seeded-random/7x7-seeded-random-0053.trl","80ec168a9000faef2c625a85c7999123ce2b75c7db5563623f99c8ea86162c52"
"73","7x7","7x7-seeded-random","seeded-random","-1","54","730053","experiments/issue-73/results/trials/7x7-seeded-random/7x7-seeded-random-0054.trl","64cc2cbe0fa8c0bf1708d833b8724eec10497b62e3b00e6c1f64ccee3cd8a8da"
"73","7x7","7x7-seeded-random","seeded-random","-1","55","730054","experiments/issue-73/results/trials/7x7-seeded-random/7x7-seeded-random-0055.trl","f2b4c32cdbc4568c9551062ba3c34592ee89a855aacf5c012d93aaaf87cf031d"
"73","7x7","7x7-seeded-random","seeded-random","-1","56","730055","experiments/issue-73/results/trials/7x7-seeded-random/7x7-seeded-random-0056.trl","b629b6ef2b9e9d406f7f7a69c2a2ae1534af1a0890965ab8b2a48b35c73cbf6a"
"73","7x7","7x7-seeded-random","seeded-random","-1","57","730056","experiments/issue-73/results/trials/7x7-seeded-random/7x7-seeded-random-0057.trl","54f7341554c90fb8273c597be9aaa96ea2ab4ce3375b8a687b01b9aeaf061ec8"
"73","7x7","7x7-seeded-random","seeded-random","-1","58","730057","experiments/issue-73/results/trials/7x7-seeded-random/7x7-seeded-random-0058.trl","41a5e77b42e678e850b607a3f8c622ad1e6f145f61ead0dd56000da4673a2a37"
"73","7x7","7x7-seeded-random","seeded-random","-1","59","730058","experiments/issue-73/results/trials/7x7-seeded-random/7x7-seeded-random-0059.trl","f8da69a2cd2e1994695f08b79e47be0c2af1b8602f69540b75ceb024b185f3ff"
"73","7x7","7x7-seeded-random","seeded-random","-1","60","730059","experiments/issue-73/results/trials/7x7-seeded-random/7x7-seeded-random-0060.trl","ded29f6e21ba2270265e620cf93e483c22b60a7d21ac405351152e49adc73b3d"
"73","7x7","7x7-seeded-random","seeded-random","-1","61","730060","experiments/issue-73/results/trials/7x7-seeded-random/7x7-seeded-random-0061.trl","a659d1619cee278f71c72b72896c782496b7d74feb1bc2b240af0949075828aa"
"73","7x7","7x7-seeded-random","seeded-random","-1","62","730061","experiments/issue-73/results/trials/7x7-seeded-random/7x7-seeded-random-0062.trl","10d2667b61f2b60d23d797dc89b05ec884fd09ace8db04c11cc52921ad73ff3a"
"73","7x7","7x7-seeded-random","seeded-random","-1","63","730062","experiments/issue-73/results/trials/7x7-seeded-random/7x7-seeded-random-0063.trl","fb4c1ac8dfc00f4549dc75a3311b29cfa79f2f8fa67ee79ea320ec6ae9f2f88d"
"73","7x7","7x7-seeded-random","seeded-random","-1","64","730063","experiments/issue-73/results/trials/7x7-seeded-random/7x7-seeded-random-0064.trl","1ae0fb0b9fb74f5308d5061903cab67dedc290215e942b0491b7d7cefb26e4b1"
"73","7x7","7x7-seeded-random","seeded-random","-1","65","730064","experiments/issue-73/results/trials/7x7-seeded-random/7x7-seeded-random-0065.trl","75b43701ee5675f954d1bf938a9983a207ed6f91ec940d6d22338a15803620eb"
"73","7x7","7x7-seeded-random","seeded-random","-1","66","730065","experiments/issue-73/results/trials/7x7-seeded-random/7x7-seeded-random-0066.trl","b8d5dc89198800425602af914b1ed4fc925085d1f140048163f8efd421da3ce4"
"73","7x7","7x7-seeded-random","seeded-random","-1","67","730066","experiments/issue-73/results/trials/7x7-seeded-random/7x7-seeded-random-0067.trl","e603f64dd3676896c980e26492e3f98d1bdc4bb683f8abb7ec091bf50630333a"
"73","7x7","7x7-seeded-random","seeded-random","-1","68","730067","experiments/issue-73/results/trials/7x7-seeded-random/7x7-seeded-random-0068.trl","15530effc1a63e8ee6861cb1e43ee621d0a22b56464bd43221b06956cdce8536"
"73","7x7","7x7-seeded-random","seeded-random","-1","69","730068","experiments/issue-73/results/trials/7x7-seeded-random/7x7-seeded-random-0069.trl","9de654da4cc84721bea4d7d322996eadf6692d1eeba8b629ba22774394f2be55"
"73","7x7","7x7-seeded-random","seeded-random","-1","70","730069","experiments/issue-73/results/trials/7x7-seeded-random/7x7-seeded-random-0070.trl","ca56b039ae92698d6cba896badae59bcae157ee7020c75afb73ae55c9a5082f4"
"73","7x7","7x7-seeded-random","seeded-random","-1","71","730070","experiments/issue-73/results/trials/7x7-seeded-random/7x7-seeded-random-0071.trl","af3685b4ba19b9f2e892e3e5e4fae3009c6641a8c111a3ac8cbf6e47abe784ac"
"73","7x7","7x7-seeded-random","seeded-random","-1","72","730071","experiments/issue-73/results/trials/7x7-seeded-random/7x7-seeded-random-0072.trl","593d558c27d8393b997d2ca72991150b61ca06277e40f3e35651b917f61c9bd2"
"73","7x7","7x7-seeded-random","seeded-random","-1","73","730072","experiments/issue-73/results/trials/7x7-seeded-random/7x7-seeded-random-0073.trl","4c76988731b317c64fb27507f7650a51b33c4f153a1337ae0cc037ee0849af64"
"73","7x7","7x7-seeded-random","seeded-random","-1","74","730073","experiments/issue-73/results/trials/7x7-seeded-random/7x7-seeded-random-0074.trl","0c73a63da564b1ee616ff1d0d061facaa14726a86d3788af8342ccc373617276"
"73","7x7","7x7-seeded-random","seeded-random","-1","75","730074","experiments/issue-73/results/trials/7x7-seeded-random/7x7-seeded-random-0075.trl","ef89738417365fceccd9282b63c91f15ce28f56dc045628bebad0e18ae55e06a"
"73","7x7","7x7-seeded-random","seeded-random","-1","76","730075","experiments/issue-73/results/trials/7x7-seeded-random/7x7-seeded-random-0076.trl","bdca0dd6f9a336690f55efb216b910c95f93c78385f4421b3c4a7671aafdaa8d"
"73","7x7","7x7-seeded-random","seeded-random","-1","77","730076","experiments/issue-73/results/trials/7x7-seeded-random/7x7-seeded-random-0077.trl","e2c2e37cf9cba85cb84936a40b38b980f56d4bbfb3f36b560fbba229878f25dd"
"73","7x7","7x7-seeded-random","seeded-random","-1","78","730077","experiments/issue-73/results/trials/7x7-seeded-random/7x7-seeded-random-0078.trl","4a431d9d534086c1dbbfff37f7ec2c340a4273f3e2e8bd1b03c7287eef2519ce"
"73","7x7","7x7-seeded-random","seeded-random","-1","79","730078","experiments/issue-73/results/trials/7x7-seeded-random/7x7-seeded-random-0079.trl","22cd7ff9f693b28bb35153b097fc6621e1b0289fb34920d772c149b95f05fb3e"
"73","7x7","7x7-seeded-random","seeded-random","-1","80","730079","experiments/issue-73/results/trials/7x7-seeded-random/7x7-seeded-random-0080.trl","121b9ca5bf9299bc89e57d76004b8429926de96f2489546a04442b36d3fa53bf"
"73","7x7","7x7-seeded-random","seeded-random","-1","81","730080","experiments/issue-73/results/trials/7x7-seeded-random/7x7-seeded-random-0081.trl","543f2b4b6dcb26a6e6c5be966e31972a2f8039d51a0bbb897797105f5e18f718"
"73","7x7","7x7-seeded-random","seeded-random","-1","82","730081","experiments/issue-73/results/trials/7x7-seeded-random/7x7-seeded-random-0082.trl","b5719493ef278b27ef75fd37a9455d03698690f1250999163c9d1e3b4924eadb"
"73","7x7","7x7-seeded-random","seeded-random","-1","83","730082","experiments/issue-73/results/trials/7x7-seeded-random/7x7-seeded-random-0083.trl","79267f2e6c212d638b7deb81d2d66621acd15bcda2236dd34cf64f3aaeba1a16"
"73","7x7","7x7-seeded-random","seeded-random","-1","84","730083","experiments/issue-73/results/trials/7x7-seeded-random/7x7-seeded-random-0084.trl","5c078fdbe180673c0674c42d206391ed060631a7d9c7fef1d2c88dd07bb67cd7"
"73","7x7","7x7-seeded-random","seeded-random","-1","85","730084","experiments/issue-73/results/trials/7x7-seeded-random/7x7-seeded-random-0085.trl","5f3f28e1377729b5889acfef5ecba96a508c3096315ad1d2a8b5ff9dbbfed4fe"
"73","7x7","7x7-seeded-random","seeded-random","-1","86","730085","experiments/issue-73/results/trials/7x7-seeded-random/7x7-seeded-random-0086.trl","7e86e4ad1607c036f1ac672be00a49abbbd20b42f3b8f7842385349debe927fb"
"73","7x7","7x7-seeded-random","seeded-random","-1","87","730086","experiments/issue-73/results/trials/7x7-seeded-random/7x7-seeded-random-0087.trl","32e752d67252976f67c48a4d7fd820735a6cc265c29b989865d15a69984932f2"
"73","7x7","7x7-seeded-random","seeded-random","-1","88","730087","experiments/issue-73/results/trials/7x7-seeded-random/7x7-seeded-random-0088.trl","e2ef2e3b755b477d25629fbbf6b52faa7aaca1c73335f78b7e4ad8bae6067240"
"73","7x7","7x7-seeded-random","seeded-random","-1","89","730088","experiments/issue-73/results/trials/7x7-seeded-random/7x7-seeded-random-0089.trl","b4f0295c342919fc932fe435635a19b128856dfa12baf8aa5dbde66a807d1667"
"73","7x7","7x7-seeded-random","seeded-random","-1","90","730089","experiments/issue-73/results/trials/7x7-seeded-random/7x7-seeded-random-0090.trl","180f5f1332cea3d2008e1b25527949f8c27aa321b2f84dc1ebf31c8b589ddc5f"
"73","7x7","7x7-seeded-random","seeded-random","-1","91","730090","experiments/issue-73/results/trials/7x7-seeded-random/7x7-seeded-random-0091.trl","b9af73d36675bac0091a3176065e9e8942cea7ae3eac13985be4c6cdf8285795"
"73","7x7","7x7-seeded-random","seeded-random","-1","92","730091","experiments/issue-73/results/trials/7x7-seeded-random/7x7-seeded-random-0092.trl","532964d3fe7e566dfc0780ca4b59319876fcb6b4774007ed91a698bec0487953"
"73","7x7","7x7-seeded-random","seeded-random","-1","93","730092","experiments/issue-73/results/trials/7x7-seeded-random/7x7-seeded-random-0093.trl","909942ca31f6f09316d3ddef5f05ce544b700671e723e2e4c17d24876809f1f9"
"73","7x7","7x7-seeded-random","seeded-random","-1","94","730093","experiments/issue-73/results/trials/7x7-seeded-random/7x7-seeded-random-0094.trl","0ec2b5c5fb81fd6403010d13b280e3819fc331853dcadace874370ba435dee5e"
"73","7x7","7x7-seeded-random","seeded-random","-1","95","730094","experiments/issue-73/results/trials/7x7-seeded-random/7x7-seeded-random-0095.trl","8929b6d2a033c35d62fd6c2348c1ee98c8b826514a5fea90b353863da1f2379f"
"73","7x7","7x7-seeded-random","seeded-random","-1","96","730095","experiments/issue-73/results/trials/7x7-seeded-random/7x7-seeded-random-0096.trl","a8798b3f13091a4e1db58debe9cb8527f3e6ae0cd0c2677d37f703d3ad31a931"
"73","7x7","7x7-seeded-random","seeded-random","-1","97","730096","experiments/issue-73/results/trials/7x7-seeded-random/7x7-seeded-random-0097.trl","96a6a8ea511cf5830a7a38bd10245890c832319f0c18a98e03dfb9e19b8019e7"
"73","7x7","7x7-seeded-random","seeded-random","-1","98","730097","experiments/issue-73/results/trials/7x7-seeded-random/7x7-seeded-random-0098.trl","6b58823d4bd6d6494805fb0b3953ffa031f9029cd0bd5dadf9f1c140b002f030"
"73","7x7","7x7-seeded-random","seeded-random","-1","99","730098","experiments/issue-73/results/trials/7x7-seeded-random/7x7-seeded-random-0099.trl","8ef8ded13bbb7aa1067de8a66f172fb08ea243589b22ad54de64ce907e09d3fb"
"73","7x7","7x7-seeded-random","seeded-random","-1","100","730099","experiments/issue-73/results/trials/7x7-seeded-random/7x7-seeded-random-0100.trl","77c0934812919ee6a23785c086c83dae139bdf3fe2a39325a606e8a9eca0dae1"
"73","7x7","7x7-uct-0100","uct-0100","100","1","730100","experiments/issue-73/results/trials/7x7-uct-0100/7x7-uct-0100-0001.trl","d589334cc7448cb7c37a569a38fed47286a7ec9b496fb2c76676846729bd3505"
"73","7x7","7x7-uct-0100","uct-0100","100","2","730101","experiments/issue-73/results/trials/7x7-uct-0100/7x7-uct-0100-0002.trl","0e80b28cd5227115c257ceba8c37f8f307c94e83a1bba7940eea5c7317a0d3e0"
"73","7x7","7x7-uct-0100","uct-0100","100","3","730102","experiments/issue-73/results/trials/7x7-uct-0100/7x7-uct-0100-0003.trl","3e85a451767dc4bf7f46447cfd833085fb5131d2511b52c225be0e3814ba5158"
"73","7x7","7x7-uct-0100","uct-0100","100","4","730103","experiments/issue-73/results/trials/7x7-uct-0100/7x7-uct-0100-0004.trl","b6e231c4981b353b3e34fd293211b8daa7ee8fbaa90193de22451f3c56c5b4a9"
"73","7x7","7x7-uct-0100","uct-0100","100","5","730104","experiments/issue-73/results/trials/7x7-uct-0100/7x7-uct-0100-0005.trl","4f0e13ea4434d5b5d74e0384ee4b8ac7918dd5e74e1134328b0d7c17460ebf5d"
"73","7x7","7x7-uct-0100","uct-0100","100","6","730105","experiments/issue-73/results/trials/7x7-uct-0100/7x7-uct-0100-0006.trl","dfb4d1e950e3faf8a614f7ce135a4c278fa8b4bc8cf0ee65f253688c9afec208"
"73","7x7","7x7-uct-0100","uct-0100","100","7","730106","experiments/issue-73/results/trials/7x7-uct-0100/7x7-uct-0100-0007.trl","bb781379d8d6aa8f72ef70d1b0653b581f5b88cee65d3ee7cac2babbee3fe7d2"
"73","7x7","7x7-uct-0100","uct-0100","100","8","730107","experiments/issue-73/results/trials/7x7-uct-0100/7x7-uct-0100-0008.trl","81c3ac695969d0ef42356c4f48b468db74c7a5dba733c011e221851326a934d2"
"73","7x7","7x7-uct-0100","uct-0100","100","9","730108","experiments/issue-73/results/trials/7x7-uct-0100/7x7-uct-0100-0009.trl","5261826ce54d5ae8137c0c58edd1292a9c44616b54a65e34bd24dea3c38a9eea"
"73","7x7","7x7-uct-0100","uct-0100","100","10","730109","experiments/issue-73/results/trials/7x7-uct-0100/7x7-uct-0100-0010.trl","0f43a19ed48aedd4c3a2969b50dbfa9e8a604a0ba0efadb7c4cd04948ff8b6f4"
"73","7x7","7x7-uct-0100","uct-0100","100","11","730110","experiments/issue-73/results/trials/7x7-uct-0100/7x7-uct-0100-0011.trl","53e9827b788aa4b89a9ff2d678f6c7513044ecd310715f9868f00ee0b9871fa8"
"73","7x7","7x7-uct-0100","uct-0100","100","12","730111","experiments/issue-73/results/trials/7x7-uct-0100/7x7-uct-0100-0012.trl","6cc6a3240ea7a17085a1d3cbf42b602047fb9500d8989ab76dc6d5fc0f3fd0e1"
"73","7x7","7x7-uct-0100","uct-0100","100","13","730112","experiments/issue-73/results/trials/7x7-uct-0100/7x7-uct-0100-0013.trl","b39ed432cc4460f8cb50123036274965b89f3f4ca2002c349c65e45b6276b884"
"73","7x7","7x7-uct-0100","uct-0100","100","14","730113","experiments/issue-73/results/trials/7x7-uct-0100/7x7-uct-0100-0014.trl","61a185bb875ced92c5a6d8680b4bc3ec43039a11dbe7dc502f264467b1322c2c"
"73","7x7","7x7-uct-0100","uct-0100","100","15","730114","experiments/issue-73/results/trials/7x7-uct-0100/7x7-uct-0100-0015.trl","0b77e0ccf1c384d1dfa8225ce96fff534cdede8b252bd1e2fa4dfe375210633b"
"73","7x7","7x7-uct-0100","uct-0100","100","16","730115","experiments/issue-73/results/trials/7x7-uct-0100/7x7-uct-0100-0016.trl","01e9bde008e1b14e34e917f12dc083ee13e6efdcacd9bd373c3aea6ad0ffbdd4"
"73","7x7","7x7-uct-0100","uct-0100","100","17","730116","experiments/issue-73/results/trials/7x7-uct-0100/7x7-uct-0100-0017.trl","b4c63b9192d28f0f68dc0ef9af852e1759c06e39e705ab689e0709315c332076"
"73","7x7","7x7-uct-0100","uct-0100","100","18","730117","experiments/issue-73/results/trials/7x7-uct-0100/7x7-uct-0100-0018.trl","9f9353b464997d17dd973f66f0fc6d8ce83fb95dd3bf6dea77bf842633dc46ff"
"73","7x7","7x7-uct-0100","uct-0100","100","19","730118","experiments/issue-73/results/trials/7x7-uct-0100/7x7-uct-0100-0019.trl","b919ea49798ecf14ba759d2dd9a259683ea0f925935821dee73216f01daf678e"
"73","7x7","7x7-uct-0100","uct-0100","100","20","730119","experiments/issue-73/results/trials/7x7-uct-0100/7x7-uct-0100-0020.trl","caa7c68d6b4195b1a81e25bfc2e6882149b850430378bf0f957417cb97380b4c"
"73","7x7","7x7-uct-0100","uct-0100","100","21","730120","experiments/issue-73/results/trials/7x7-uct-0100/7x7-uct-0100-0021.trl","b67c38b700c508033bfd1d86e0f647880727a3f92575332036d0a8931de7a853"
"73","7x7","7x7-uct-0100","uct-0100","100","22","730121","experiments/issue-73/results/trials/7x7-uct-0100/7x7-uct-0100-0022.trl","de499045b2268cfc0ab30d9cb3f09eec01a3291dc8a0185c0ded5d69bc957a70"
"73","7x7","7x7-uct-0100","uct-0100","100","23","730122","experiments/issue-73/results/trials/7x7-uct-0100/7x7-uct-0100-0023.trl","23f0771d162e2982bf59e33bee601108fdf9ffe8f6b7a27a20f045e11b7e984f"
"73","7x7","7x7-uct-0100","uct-0100","100","24","730123","experiments/issue-73/results/trials/7x7-uct-0100/7x7-uct-0100-0024.trl","652618039720d7d49139e08085323048aef4fae0388ecefe4df988b954a653ff"
"73","7x7","7x7-uct-0100","uct-0100","100","25","730124","experiments/issue-73/results/trials/7x7-uct-0100/7x7-uct-0100-0025.trl","e83f714d82e42ef779e92d1112bdb2d0fe66e40961f4107c3d0d59ef1e997008"
"73","7x7","7x7-uct-0100","uct-0100","100","26","730125","experiments/issue-73/results/trials/7x7-uct-0100/7x7-uct-0100-0026.trl","386136d5f8984ab2a4037ef87712b9ac80219527cfa39491e39efda010a57a81"
"73","7x7","7x7-uct-0100","uct-0100","100","27","730126","experiments/issue-73/results/trials/7x7-uct-0100/7x7-uct-0100-0027.trl","0189bed3cc45fe06ce2073090c09694a850d0a749a1b7a422a835b21467d0b22"
"73","7x7","7x7-uct-0100","uct-0100","100","28","730127","experiments/issue-73/results/trials/7x7-uct-0100/7x7-uct-0100-0028.trl","afb960fb9a55c312a207fb35bc201c83a50048613650165ac8319a459cdc9e0e"
"73","7x7","7x7-uct-0100","uct-0100","100","29","730128","experiments/issue-73/results/trials/7x7-uct-0100/7x7-uct-0100-0029.trl","acb1f4914ecc9e8a896a36549250153d2748cfbf22d8c6ba789aceac0ab66c5d"
"73","7x7","7x7-uct-0100","uct-0100","100","30","730129","experiments/issue-73/results/trials/7x7-uct-0100/7x7-uct-0100-0030.trl","0a0d13ab9b82ea4b8b4087ee096e96855a5e3a5fb282fe6e945ee9d4bf12b040"
"73","7x7","7x7-uct-0100","uct-0100","100","31","730130","experiments/issue-73/results/trials/7x7-uct-0100/7x7-uct-0100-0031.trl","40b7b9925dcf7debe64305cb80d02086d5dc85c4a4efc045e88539b4c101a86a"
"73","7x7","7x7-uct-0100","uct-0100","100","32","730131","experiments/issue-73/results/trials/7x7-uct-0100/7x7-uct-0100-0032.trl","bb757baa12629bb2b4f3af49a8d19e06319cf97834c6dc33501fb7e2cc1141de"
"73","7x7","7x7-uct-0100","uct-0100","100","33","730132","experiments/issue-73/results/trials/7x7-uct-0100/7x7-uct-0100-0033.trl","ed3869a880d5e767209474b87a342ddb2415e50a2f09c8b41b25b3dbba67cec4"
"73","7x7","7x7-uct-0100","uct-0100","100","34","730133","experiments/issue-73/results/trials/7x7-uct-0100/7x7-uct-0100-0034.trl","5d8123e3b536a79a66a66ea018ed4a66a9e92ae3730f51ea1985a684231da356"
"73","7x7","7x7-uct-0100","uct-0100","100","35","730134","experiments/issue-73/results/trials/7x7-uct-0100/7x7-uct-0100-0035.trl","cb0d74235a406eb928fa06f3b5954cc7581aa0f821cebb77b6d05215b00b6450"
"73","7x7","7x7-uct-0100","uct-0100","100","36","730135","experiments/issue-73/results/trials/7x7-uct-0100/7x7-uct-0100-0036.trl","673ab9e228e0986393636aa8a97fd329f45100a8c59534f87f35e0e6b40e7fbe"
"73","7x7","7x7-uct-0100","uct-0100","100","37","730136","experiments/issue-73/results/trials/7x7-uct-0100/7x7-uct-0100-0037.trl","3ac031223ccc502caacb099733488785d64135ef1eea8df879aa28b1167dae97"
"73","7x7","7x7-uct-0100","uct-0100","100","38","730137","experiments/issue-73/results/trials/7x7-uct-0100/7x7-uct-0100-0038.trl","50697e24021aff7420b2ef87cf3fc221af3496abe8d786767482a817db89931c"
"73","7x7","7x7-uct-0100","uct-0100","100","39","730138","experiments/issue-73/results/trials/7x7-uct-0100/7x7-uct-0100-0039.trl","b2a135f4ab3ba2bce348531f904befaebe48ced4ee4effbf5f1a03a122ec7d88"
"73","7x7","7x7-uct-0100","uct-0100","100","40","730139","experiments/issue-73/results/trials/7x7-uct-0100/7x7-uct-0100-0040.trl","71077571b6ec07e334bc3aca5483c9c8de1ed2aa504c5f808950990c55485bda"
"73","7x7","7x7-uct-0100","uct-0100","100","41","730140","experiments/issue-73/results/trials/7x7-uct-0100/7x7-uct-0100-0041.trl","72fda73888e0a375736be9a31792a41a1660b8c690aa970a7d695187d5011515"
"73","7x7","7x7-uct-0100","uct-0100","100","42","730141","experiments/issue-73/results/trials/7x7-uct-0100/7x7-uct-0100-0042.trl","2fc4ae7a951c6136f5cb8e6b2922c28d3f52cb1fde0b718382c0fc3e2d5844a6"
"73","7x7","7x7-uct-0100","uct-0100","100","43","730142","experiments/issue-73/results/trials/7x7-uct-0100/7x7-uct-0100-0043.trl","cd9a431b495f7d3527a3b2127189f9856cd5f720b528eaeb13c3be993d1f89a4"
"73","7x7","7x7-uct-0100","uct-0100","100","44","730143","experiments/issue-73/results/trials/7x7-uct-0100/7x7-uct-0100-0044.trl","2cb9dcb307fdcd6f10e4e41f47ec929df5ac71a356f87b46fe5dc9ecd8acd7ec"
"73","7x7","7x7-uct-0100","uct-0100","100","45","730144","experiments/issue-73/results/trials/7x7-uct-0100/7x7-uct-0100-0045.trl","9f8ebd1fd0901b137fbe1d6b38f51e9295d7163beeab7e8ec53fcf3429bfd753"
"73","7x7","7x7-uct-0100","uct-0100","100","46","730145","experiments/issue-73/results/trials/7x7-uct-0100/7x7-uct-0100-0046.trl","20ea39702ba34fa9b427dba841ffdb3f1ee5c664d30edbe44f20476cc0de4e19"
"73","7x7","7x7-uct-0100","uct-0100","100","47","730146","experiments/issue-73/results/trials/7x7-uct-0100/7x7-uct-0100-0047.trl","2975db9c7ff3b6d457124b1d680e454ec5532fff02c0599a47819d7d95cb8dcd"
"73","7x7","7x7-uct-0100","uct-0100","100","48","730147","experiments/issue-73/results/trials/7x7-uct-0100/7x7-uct-0100-0048.trl","44dcaac52df249571015c5bac4cdf1e699ebe896582ba58612376d31d03a663e"
"73","7x7","7x7-uct-0100","uct-0100","100","49","730148","experiments/issue-73/results/trials/7x7-uct-0100/7x7-uct-0100-0049.trl","9e7342e03e6c4703b524948882eacce2b4aab89cacd4487c3f51be5ad1949c5b"
"73","7x7","7x7-uct-0100","uct-0100","100","50","730149","experiments/issue-73/results/trials/7x7-uct-0100/7x7-uct-0100-0050.trl","fc693040392d611ef3f9ac80628437b4bb369bc09ed340d10b6b77f4b7604152"
"73","7x7","7x7-uct-0500","uct-0500","500","1","730500","experiments/issue-73/results/trials/7x7-uct-0500/7x7-uct-0500-0001.trl","883019071acd0f7da7c9ab587e2813fc648354bf8c254e9388be42ef3965e2ad"
"73","7x7","7x7-uct-0500","uct-0500","500","2","730501","experiments/issue-73/results/trials/7x7-uct-0500/7x7-uct-0500-0002.trl","08eee3f90de3647d52cbc1ba159effc4c4310a82c4fc734e0e7efc329c99d28c"
"73","7x7","7x7-uct-0500","uct-0500","500","3","730502","experiments/issue-73/results/trials/7x7-uct-0500/7x7-uct-0500-0003.trl","b4e9a5e63560d144232c9cf96d90314df894566d8d3a53a1b1af032043f34fdd"
"73","7x7","7x7-uct-0500","uct-0500","500","4","730503","experiments/issue-73/results/trials/7x7-uct-0500/7x7-uct-0500-0004.trl","95a80256b05531be41711b81a534ea17ef1a2104b3f6f6da4d8e1659bea4f2a9"
"73","7x7","7x7-uct-0500","uct-0500","500","5","730504","experiments/issue-73/results/trials/7x7-uct-0500/7x7-uct-0500-0005.trl","8919067955e75f471fb3a4325ad9720a596da6424cc41f98aea91108f8f25615"
"73","7x7","7x7-uct-0500","uct-0500","500","6","730505","experiments/issue-73/results/trials/7x7-uct-0500/7x7-uct-0500-0006.trl","dd4febf88e4b317fa40b426ec30da90ad8b16e8116a80eccda35a7dce81977d2"
"73","7x7","7x7-uct-0500","uct-0500","500","7","730506","experiments/issue-73/results/trials/7x7-uct-0500/7x7-uct-0500-0007.trl","a33b720cebe2c2b7b75fee46360034c7719b51beae3bf1118c3961f7a6607db7"
"73","7x7","7x7-uct-0500","uct-0500","500","8","730507","experiments/issue-73/results/trials/7x7-uct-0500/7x7-uct-0500-0008.trl","9c434d4abe760312475a410d74d54e991da6c130d85f8cc4a3b43b2b1bbf34f9"
"73","7x7","7x7-uct-0500","uct-0500","500","9","730508","experiments/issue-73/results/trials/7x7-uct-0500/7x7-uct-0500-0009.trl","882cd3d2afcbfa31c625e742386a91975be80a4c2252b61b58d1f6aff014b209"
"73","7x7","7x7-uct-0500","uct-0500","500","10","730509","experiments/issue-73/results/trials/7x7-uct-0500/7x7-uct-0500-0010.trl","20202ae0c368c1cc83200dd57d2981edb3b2bd5097dbb302a74e522e541730ab"
"73","7x7","7x7-uct-0500","uct-0500","500","11","730510","experiments/issue-73/results/trials/7x7-uct-0500/7x7-uct-0500-0011.trl","06d7e6bbf3081de9bef8ef8830af49ae48ec08d50e38601d841ae2ed53499dc3"
"73","7x7","7x7-uct-0500","uct-0500","500","12","730511","experiments/issue-73/results/trials/7x7-uct-0500/7x7-uct-0500-0012.trl","c749e7b50962c47f8acd2d762ee5e609ec6a647f6a03dc468aa733932595f1fb"
"73","7x7","7x7-uct-0500","uct-0500","500","13","730512","experiments/issue-73/results/trials/7x7-uct-0500/7x7-uct-0500-0013.trl","30178d60e8e50efaffbd5b9b0008716b8dba9183c744e1416c3de16931d1df76"
"73","7x7","7x7-uct-0500","uct-0500","500","14","730513","experiments/issue-73/results/trials/7x7-uct-0500/7x7-uct-0500-0014.trl","6895f11f9ade5624dffc40f59960d7a71c159e47de0d121a7d066e0b907f1e46"
"73","7x7","7x7-uct-0500","uct-0500","500","15","730514","experiments/issue-73/results/trials/7x7-uct-0500/7x7-uct-0500-0015.trl","3f105052e0ce2f6d5326e99bde1edef08071591a8710faae14e35a23d0d8e4f9"
"73","7x7","7x7-uct-0500","uct-0500","500","16","730515","experiments/issue-73/results/trials/7x7-uct-0500/7x7-uct-0500-0016.trl","9ce6ab174a3ca1c3d5f88a529992ee0d2f15a9b87a4b1da8821f53b10c82d9f9"
"73","7x7","7x7-uct-0500","uct-0500","500","17","730516","experiments/issue-73/results/trials/7x7-uct-0500/7x7-uct-0500-0017.trl","32350b2243586371e7f0864b2eac1d5be9d6183e024c8ab455fb96808277781e"
"73","7x7","7x7-uct-0500","uct-0500","500","18","730517","experiments/issue-73/results/trials/7x7-uct-0500/7x7-uct-0500-0018.trl","8786859e048910cb80e62874ed9f0639f9a4165ef7c28f761667ffb87589122c"
"73","7x7","7x7-uct-0500","uct-0500","500","19","730518","experiments/issue-73/results/trials/7x7-uct-0500/7x7-uct-0500-0019.trl","1a9eb1dd8a48c0179862157a7001541db9f099fa3304bb4a07893ed441a096d4"
"73","7x7","7x7-uct-0500","uct-0500","500","20","730519","experiments/issue-73/results/trials/7x7-uct-0500/7x7-uct-0500-0020.trl","cd20532b7dc58641981c6a65e8806717fc1ca464e650c6d849287894d4e4622c"
"73","7x7","7x7-uct-0500","uct-0500","500","21","730520","experiments/issue-73/results/trials/7x7-uct-0500/7x7-uct-0500-0021.trl","266296ea78f788e5dc1565a8ece43298ed0f330a3e87460c1ec158bf096a7dd4"
"73","7x7","7x7-uct-0500","uct-0500","500","22","730521","experiments/issue-73/results/trials/7x7-uct-0500/7x7-uct-0500-0022.trl","e89ed0355eeeb38fa5cd5da3668634faea4a210dde75bee9db18e363e2123f9a"
"73","7x7","7x7-uct-0500","uct-0500","500","23","730522","experiments/issue-73/results/trials/7x7-uct-0500/7x7-uct-0500-0023.trl","ae9ee90c651a9d3576af3b845c09b7e0b3d3dc89cdfc66d583b50d8e8345ca33"
"73","7x7","7x7-uct-0500","uct-0500","500","24","730523","experiments/issue-73/results/trials/7x7-uct-0500/7x7-uct-0500-0024.trl","af5656b2d23f12d648b2a404777b9c24eaa0f9946af77b3c20b325df8aea36d3"
"73","7x7","7x7-uct-0500","uct-0500","500","25","730524","experiments/issue-73/results/trials/7x7-uct-0500/7x7-uct-0500-0025.trl","d86691e7164a49fc9ce1f2807af4d51e18e352e928f8e6432dc70ed20391f715"
"73","7x7","7x7-uct-0500","uct-0500","500","26","730525","experiments/issue-73/results/trials/7x7-uct-0500/7x7-uct-0500-0026.trl","a6a26a34b9a84d723eb3b68ae468c763b68606525cd3ec378d52308f7899aae2"
"73","7x7","7x7-uct-0500","uct-0500","500","27","730526","experiments/issue-73/results/trials/7x7-uct-0500/7x7-uct-0500-0027.trl","8947f6025ad8ec93c8d3d8bce1ec49d4f02ff799e2e602bbae819c75c53cd26b"
"73","7x7","7x7-uct-0500","uct-0500","500","28","730527","experiments/issue-73/results/trials/7x7-uct-0500/7x7-uct-0500-0028.trl","da6389c29c3f3ef64ef9ff6bb932b880d135779cf56940f4ef1f3b99050e4082"
"73","7x7","7x7-uct-0500","uct-0500","500","29","730528","experiments/issue-73/results/trials/7x7-uct-0500/7x7-uct-0500-0029.trl","9317edeaf15be31980d0c4c11f5f168b7e565161bd33ae4346841ed964a27734"
"73","7x7","7x7-uct-0500","uct-0500","500","30","730529","experiments/issue-73/results/trials/7x7-uct-0500/7x7-uct-0500-0030.trl","f340607c34e365817411d3fa2d6035375289599c9c315b4e0a93aeab428ff1d3"
"73","7x7","7x7-uct-0500","uct-0500","500","31","730530","experiments/issue-73/results/trials/7x7-uct-0500/7x7-uct-0500-0031.trl","a5f82127097bade9bfa8681a8b4c9f74c9ab78b9049e2d91a1b5bb1a667d4f6e"
"73","7x7","7x7-uct-0500","uct-0500","500","32","730531","experiments/issue-73/results/trials/7x7-uct-0500/7x7-uct-0500-0032.trl","305593b39aba50522392c728b2c3aa682ade87527224448fe607108fdff6558b"
"73","7x7","7x7-uct-0500","uct-0500","500","33","730532","experiments/issue-73/results/trials/7x7-uct-0500/7x7-uct-0500-0033.trl","cbed9372bc46c3ce74a7dc567db8736f4f81f8ac72a7cd66e704ac53563a8a3d"
"73","7x7","7x7-uct-0500","uct-0500","500","34","730533","experiments/issue-73/results/trials/7x7-uct-0500/7x7-uct-0500-0034.trl","597dfed72879a65b2bfae909dc850eb08c6969deed863953042114c786f48c34"
"73","7x7","7x7-uct-0500","uct-0500","500","35","730534","experiments/issue-73/results/trials/7x7-uct-0500/7x7-uct-0500-0035.trl","16cd5c0015828df2000452aeac85ab2781c9d06230b02d64b9f89b86c5910558"
"73","7x7","7x7-uct-0500","uct-0500","500","36","730535","experiments/issue-73/results/trials/7x7-uct-0500/7x7-uct-0500-0036.trl","2e00d0049690912172c49b37a937273b6c4723425c5dbcd9e88bf6dc62ba2b6d"
"73","7x7","7x7-uct-0500","uct-0500","500","37","730536","experiments/issue-73/results/trials/7x7-uct-0500/7x7-uct-0500-0037.trl","7f5eef8b8acf216937b8ea996fc27e06222f3a16cf6aa0615b3830b21ec4da3a"
"73","7x7","7x7-uct-0500","uct-0500","500","38","730537","experiments/issue-73/results/trials/7x7-uct-0500/7x7-uct-0500-0038.trl","89adf6b6c7d191061c4adb083a264be034c0232ff82a30f5b41aea5b4e965a7d"
"73","7x7","7x7-uct-0500","uct-0500","500","39","730538","experiments/issue-73/results/trials/7x7-uct-0500/7x7-uct-0500-0039.trl","4c44be997604ce038e80ff4a25b6b2d583c981cc0d80aa00442f7ca4024975bc"
"73","7x7","7x7-uct-0500","uct-0500","500","40","730539","experiments/issue-73/results/trials/7x7-uct-0500/7x7-uct-0500-0040.trl","8df75decf28f62b7d785322e921ae490bc1330801a538e787d112049d616fce8"
"73","7x7","7x7-uct-0500","uct-0500","500","41","730540","experiments/issue-73/results/trials/7x7-uct-0500/7x7-uct-0500-0041.trl","80a02c061e10302501a8b1133ce740ece811dd7aedee2bc52fe5c243895635e2"
"73","7x7","7x7-uct-0500","uct-0500","500","42","730541","experiments/issue-73/results/trials/7x7-uct-0500/7x7-uct-0500-0042.trl","4b9c5f5eb89a97b5d403ea8c56653ef68871d18ab809f547f37f4e537a606730"
"73","7x7","7x7-uct-0500","uct-0500","500","43","730542","experiments/issue-73/results/trials/7x7-uct-0500/7x7-uct-0500-0043.trl","6ccfb7a8ebe558e3635803218981b988a7964e8deef101dde1b71bc0f5af6a86"
"73","7x7","7x7-uct-0500","uct-0500","500","44","730543","experiments/issue-73/results/trials/7x7-uct-0500/7x7-uct-0500-0044.trl","5749697acee338ecfff582c0d00e04fa27ea5c661fec9870a37597ddaa89c5c7"
"73","7x7","7x7-uct-0500","uct-0500","500","45","730544","experiments/issue-73/results/trials/7x7-uct-0500/7x7-uct-0500-0045.trl","f47ec0df56a4f3623892cbf31b2bd63f8049a0268ed52d860f32a607f6007421"
"73","7x7","7x7-uct-0500","uct-0500","500","46","730545","experiments/issue-73/results/trials/7x7-uct-0500/7x7-uct-0500-0046.trl","949f7d365edae0d73ccf057f3a12c84c42e7ea650b1978c749839a87956be984"
"73","7x7","7x7-uct-0500","uct-0500","500","47","730546","experiments/issue-73/results/trials/7x7-uct-0500/7x7-uct-0500-0047.trl","cad191a032420186c4e96e21af61c747def931ec22b0efba77ca166e4697b371"
"73","7x7","7x7-uct-0500","uct-0500","500","48","730547","experiments/issue-73/results/trials/7x7-uct-0500/7x7-uct-0500-0048.trl","c87bb7c00fa9445ebe2c9048537cc97423e715190dcb579625552285d2a9a7a8"
"73","7x7","7x7-uct-0500","uct-0500","500","49","730548","experiments/issue-73/results/trials/7x7-uct-0500/7x7-uct-0500-0049.trl","8ffd1df389b29114b6bf859a72f7a0aca8008e8cf7475467f4fc54b65495a76b"
"73","7x7","7x7-uct-0500","uct-0500","500","50","730549","experiments/issue-73/results/trials/7x7-uct-0500/7x7-uct-0500-0050.trl","9dde5e553e7c7d38d8d26bc81e239a12fbbf58f93ff31244dcb2869e5889c47d"
"73","7x7","7x7-uct-1000","uct-1000","1000","1","731000","experiments/issue-73/results/trials/7x7-uct-1000/7x7-uct-1000-0001.trl","79ebb64ffcdf8b2c992ef447ac87fb0a90a5aed2e2064ea639d8ee6b9c682426"
"73","7x7","7x7-uct-1000","uct-1000","1000","2","731001","experiments/issue-73/results/trials/7x7-uct-1000/7x7-uct-1000-0002.trl","8d1c32a03e6c8e04518395b42a617ea9cef6ef74f864b1ddd9ddd2cfa6bcb76e"
"73","7x7","7x7-uct-1000","uct-1000","1000","3","731002","experiments/issue-73/results/trials/7x7-uct-1000/7x7-uct-1000-0003.trl","24b942fbec2c447dfc44ab00c881cdaa4ab8466dd8d02c4aa130c8251816fdac"
"73","7x7","7x7-uct-1000","uct-1000","1000","4","731003","experiments/issue-73/results/trials/7x7-uct-1000/7x7-uct-1000-0004.trl","7f1e3e0812e511a8059843c5cae909b500a7cdcf86812a153e628b4fbb6e530a"
"73","7x7","7x7-uct-1000","uct-1000","1000","5","731004","experiments/issue-73/results/trials/7x7-uct-1000/7x7-uct-1000-0005.trl","44177c2e57d63ba48745ad1e2615c336c1f5b8378895ba9e56dadb1d4380e0a1"
"73","7x7","7x7-uct-1000","uct-1000","1000","6","731005","experiments/issue-73/results/trials/7x7-uct-1000/7x7-uct-1000-0006.trl","d86be088b621ae0ece822731400d25002fb063ad4b8e5b12fce215565620e592"
"73","7x7","7x7-uct-1000","uct-1000","1000","7","731006","experiments/issue-73/results/trials/7x7-uct-1000/7x7-uct-1000-0007.trl","ffd073472806147b49fb4a9ba8a9212c878626ec47bc82a5de35ed00bee6b411"
"73","7x7","7x7-uct-1000","uct-1000","1000","8","731007","experiments/issue-73/results/trials/7x7-uct-1000/7x7-uct-1000-0008.trl","78953b2437e9eac9c6479c4967f25faa1f315fb2ab4f017bfb52e28900cd4f64"
"73","7x7","7x7-uct-1000","uct-1000","1000","9","731008","experiments/issue-73/results/trials/7x7-uct-1000/7x7-uct-1000-0009.trl","9abd2239e0fcd9551382eddaae30306538ad1ef1d072ab87890a868b27a7a074"
"73","7x7","7x7-uct-1000","uct-1000","1000","10","731009","experiments/issue-73/results/trials/7x7-uct-1000/7x7-uct-1000-0010.trl","152044475c7ddace4e992c93e52b131e937cfcbeae5a31ba3c252cee4ebec8ee"
"73","7x7","7x7-uct-1000","uct-1000","1000","11","731010","experiments/issue-73/results/trials/7x7-uct-1000/7x7-uct-1000-0011.trl","2dddc7358d5f705e0bef9f91e346f03ba8cdfce4c39b2ac4c677526c66498ac1"
"73","7x7","7x7-uct-1000","uct-1000","1000","12","731011","experiments/issue-73/results/trials/7x7-uct-1000/7x7-uct-1000-0012.trl","4da890c4c5ae9a8552076c18fe62504944efe5cbc0782964f357f847540d684c"
"73","7x7","7x7-uct-1000","uct-1000","1000","13","731012","experiments/issue-73/results/trials/7x7-uct-1000/7x7-uct-1000-0013.trl","f5094a28efb52cfc278382d9942cf1e6133cb4b393c304fc9a347300cfad7438"
"73","7x7","7x7-uct-1000","uct-1000","1000","14","731013","experiments/issue-73/results/trials/7x7-uct-1000/7x7-uct-1000-0014.trl","c6cd282c8339a0dd025902a77282524c997101212a99ad83fe3e1064000f89f1"
"73","7x7","7x7-uct-1000","uct-1000","1000","15","731014","experiments/issue-73/results/trials/7x7-uct-1000/7x7-uct-1000-0015.trl","d9fcb8a50491c1a802f65e9225f0a387646c7364013dc67072d6cbacd0d7d41e"
"73","7x7","7x7-uct-1000","uct-1000","1000","16","731015","experiments/issue-73/results/trials/7x7-uct-1000/7x7-uct-1000-0016.trl","3dfc5860f6737f30e3c90cf6cd12f2576da90288852f9643f660f9ca74713959"
"73","7x7","7x7-uct-1000","uct-1000","1000","17","731016","experiments/issue-73/results/trials/7x7-uct-1000/7x7-uct-1000-0017.trl","dd2619ca9cf900aa72358fab415090b6cc863567f2973bed5500bd5aedb75678"
"73","7x7","7x7-uct-1000","uct-1000","1000","18","731017","experiments/issue-73/results/trials/7x7-uct-1000/7x7-uct-1000-0018.trl","8cce1cc0d014cf3f2b8d769067f2e5cbd0c7a45712eb637861bc85e40567786d"
"73","7x7","7x7-uct-1000","uct-1000","1000","19","731018","experiments/issue-73/results/trials/7x7-uct-1000/7x7-uct-1000-0019.trl","f07c85ae0255dd892406344b9aa5840878535b67aba84264c4133fdf2867c6f5"
"73","7x7","7x7-uct-1000","uct-1000","1000","20","731019","experiments/issue-73/results/trials/7x7-uct-1000/7x7-uct-1000-0020.trl","93b8238496b0c0ca7e1f93827f94eb35c53b6d1e723dc5d7711c4321ef690a63"
"73","7x7","7x7-uct-1000","uct-1000","1000","21","731020","experiments/issue-73/results/trials/7x7-uct-1000/7x7-uct-1000-0021.trl","7c29a57d2a42f0798764ebe217b4b68061a6e4482a8eda6d92cc7c34a7c52ad4"
"73","7x7","7x7-uct-1000","uct-1000","1000","22","731021","experiments/issue-73/results/trials/7x7-uct-1000/7x7-uct-1000-0022.trl","20d5a4c83eb9b6fcbcfdce47920cf166811eb02ce7852fff2c9ae01b9bd609ad"
"73","7x7","7x7-uct-1000","uct-1000","1000","23","731022","experiments/issue-73/results/trials/7x7-uct-1000/7x7-uct-1000-0023.trl","2c1c238737b5815ef4113e4fce5f21e4905e6361932663d0a0a78e4849c65ce3"
"73","7x7","7x7-uct-1000","uct-1000","1000","24","731023","experiments/issue-73/results/trials/7x7-uct-1000/7x7-uct-1000-0024.trl","7dd163a434014e9d08489cd489b053fab2d330fc18cbe8f4a2b56e9cac472efb"
"73","7x7","7x7-uct-1000","uct-1000","1000","25","731024","experiments/issue-73/results/trials/7x7-uct-1000/7x7-uct-1000-0025.trl","50276c8e90b59064294e57d7fd623bbb67e032e67caf82a5b1a38091b4ed6d3a"
"73","7x7","7x7-uct-1000","uct-1000","1000","26","731025","experiments/issue-73/results/trials/7x7-uct-1000/7x7-uct-1000-0026.trl","321a0044ef3b473ef1f946ba13a9eef6f936b3f235a380df7f77eaf9d6e7b8f3"
"73","7x7","7x7-uct-1000","uct-1000","1000","27","731026","experiments/issue-73/results/trials/7x7-uct-1000/7x7-uct-1000-0027.trl","de563db4e05d386f2f40d8c1cfcc77daa0051edd53f952d315b0e941cf9ff88a"
"73","7x7","7x7-uct-1000","uct-1000","1000","28","731027","experiments/issue-73/results/trials/7x7-uct-1000/7x7-uct-1000-0028.trl","f18b6c7ec49ae7bd16050360ef8899a43376c828fcab1b5115323cb5be67b9df"
"73","7x7","7x7-uct-1000","uct-1000","1000","29","731028","experiments/issue-73/results/trials/7x7-uct-1000/7x7-uct-1000-0029.trl","2e16f2d2bd551050c07d88d60f2e511fdbfa7320a70db59e9b3987268fbb56c6"
"73","7x7","7x7-uct-1000","uct-1000","1000","30","731029","experiments/issue-73/results/trials/7x7-uct-1000/7x7-uct-1000-0030.trl","576a618e531a8dc887499c0ee77b9e978cd31bdc14d0033f9c7a022e1e8df8ce"
"73","7x7","7x7-uct-1000","uct-1000","1000","31","731030","experiments/issue-73/results/trials/7x7-uct-1000/7x7-uct-1000-0031.trl","7fbea79f65740f0fb278e9667540874ba5ba0f34a0e351f2c7bcf8db6f661fc0"
"73","7x7","7x7-uct-1000","uct-1000","1000","32","731031","experiments/issue-73/results/trials/7x7-uct-1000/7x7-uct-1000-0032.trl","dab48d109f189fc13fc736603a25adc4cd394e8f1c9413d9f41202adc2e7b88b"
"73","7x7","7x7-uct-1000","uct-1000","1000","33","731032","experiments/issue-73/results/trials/7x7-uct-1000/7x7-uct-1000-0033.trl","392fd57bea25321f9e8bb821649b659e6808111ccc0398c2bff0b72c49e83ca9"
"73","7x7","7x7-uct-1000","uct-1000","1000","34","731033","experiments/issue-73/results/trials/7x7-uct-1000/7x7-uct-1000-0034.trl","eb7ec449a2ba81359aa84c0bb2d96e16a146114544653774285cb7ec92c10f18"
"73","7x7","7x7-uct-1000","uct-1000","1000","35","731034","experiments/issue-73/results/trials/7x7-uct-1000/7x7-uct-1000-0035.trl","065b19a60a7d24ec1978e9883d38344358c107a06843b8b8536be2a02ae9c6af"
"73","7x7","7x7-uct-1000","uct-1000","1000","36","731035","experiments/issue-73/results/trials/7x7-uct-1000/7x7-uct-1000-0036.trl","f3913f687ae35d0b96eee75c0b75a82659b5d97c8160db2c3d9f443b071eddde"
"73","7x7","7x7-uct-1000","uct-1000","1000","37","731036","experiments/issue-73/results/trials/7x7-uct-1000/7x7-uct-1000-0037.trl","a13525f52b0083952149c3dc977cbbfd117af9f90c399f0be075dad45ec2d411"
"73","7x7","7x7-uct-1000","uct-1000","1000","38","731037","experiments/issue-73/results/trials/7x7-uct-1000/7x7-uct-1000-0038.trl","fc6ae061c522acac97c4bbd5f7e772e626111c583bcc22e5cbadcb2d9de76ff0"
"73","7x7","7x7-uct-1000","uct-1000","1000","39","731038","experiments/issue-73/results/trials/7x7-uct-1000/7x7-uct-1000-0039.trl","4a2c0f4df330932e5910be8606e72d612d0f15e0bd3d8ca4ae3ceb2d3b23e8c7"
"73","7x7","7x7-uct-1000","uct-1000","1000","40","731039","experiments/issue-73/results/trials/7x7-uct-1000/7x7-uct-1000-0040.trl","f88cac2de48f182883ee1c4a21f294108cf4da0902f3e9d8200247bc0375ef1f"
"73","7x7","7x7-uct-1000","uct-1000","1000","41","731040","experiments/issue-73/results/trials/7x7-uct-1000/7x7-uct-1000-0041.trl","64db530d2c6d733f62c8142b566e44b657864ada6d03f60e47e01a6e82d01dee"
"73","7x7","7x7-uct-1000","uct-1000","1000","42","731041","experiments/issue-73/results/trials/7x7-uct-1000/7x7-uct-1000-0042.trl","59cd77c95b204e36c6fef5957577aff96a945b6e28676194a795949833da8b32"
"73","7x7","7x7-uct-1000","uct-1000","1000","43","731042","experiments/issue-73/results/trials/7x7-uct-1000/7x7-uct-1000-0043.trl","3ddea786b52f38a4043c6224ec9c9c11801b3f587fa07f87245ea8f8eb1a03a8"
"73","7x7","7x7-uct-1000","uct-1000","1000","44","731043","experiments/issue-73/results/trials/7x7-uct-1000/7x7-uct-1000-0044.trl","40b5e346884787d66500121d4e8ab3af8dee1c5cf6282fa4f9940eb725d3c739"
"73","7x7","7x7-uct-1000","uct-1000","1000","45","731044","experiments/issue-73/results/trials/7x7-uct-1000/7x7-uct-1000-0045.trl","fbf792ee027aada7a279cec0fa8d737631af085e5ab9162f72b9abfd8c55e8cd"
"73","7x7","7x7-uct-1000","uct-1000","1000","46","731045","experiments/issue-73/results/trials/7x7-uct-1000/7x7-uct-1000-0046.trl","28e2cb8b539999ad3a764eec47908fc0687ce10cfeec49c8eab174bf8e1b8050"
"73","7x7","7x7-uct-1000","uct-1000","1000","47","731046","experiments/issue-73/results/trials/7x7-uct-1000/7x7-uct-1000-0047.trl","a656e29d10f2f75adb57c058753e21bba76254d3ff21a5fd7e85141d8370b89a"
"73","7x7","7x7-uct-1000","uct-1000","1000","48","731047","experiments/issue-73/results/trials/7x7-uct-1000/7x7-uct-1000-0048.trl","c42ac57f39e1b2fcabe3a43c4a9a67915d441b629fcb1b5002d80f8351ed3e82"
"73","7x7","7x7-uct-1000","uct-1000","1000","49","731048","experiments/issue-73/results/trials/7x7-uct-1000/7x7-uct-1000-0049.trl","96f159d73696b2c93adff9be38f1d1058520b63509a58ec95b9a78ceba5b6489"
"73","7x7","7x7-uct-1000","uct-1000","1000","50","731049","experiments/issue-73/results/trials/7x7-uct-1000/7x7-uct-1000-0050.trl","4d6a60debe3bcbb03a67d5410afb3595d51f158c218f7a68f24087d9c8f8a2b8"
