supply_point,spatial_category,uct_3000_pieces_placed_per_player_game,uct_10000_pieces_placed_per_player_game,delta_10000_minus_3000_pieces_placed_per_player_game,uct_3000_unsecured_controlled_turn_share,uct_10000_unsecured_controlled_turn_share,delta_10000_minus_3000_unsecured_controlled_turn_share,uct_3000_secured_turn_share,uct_10000_secured_turn_share,delta_10000_minus_3000_secured_turn_share,uct_3000_controlled_or_secured_turn_share,uct_10000_controlled_or_secured_turn_share,delta_10000_minus_3000_controlled_or_secured_turn_share,uct_3000_secured_frequency,uct_10000_secured_frequency,delta_10000_minus_3000_secured_frequency,uct_3000_objective_placements_supplied_per_player_game,uct_10000_objective_placements_supplied_per_player_game,delta_10000_minus_3000_objective_placements_supplied_per_player_game,uct_3000_mean_objective_coverage,uct_10000_mean_objective_coverage,delta_10000_minus_3000_mean_objective_coverage,uct_3000_securing_rate_per_repeated_opportunity,uct_10000_securing_rate_per_repeated_opportunity,delta_10000_minus_3000_securing_rate_per_repeated_opportunity,uct_3000_eventual_securing_rate_per_ever_securable_player_site,uct_10000_eventual_securing_rate_per_ever_securable_player_site,delta_10000_minus_3000_eventual_securing_rate_per_ever_securable_player_site
S00,corner,0.165,0.16,-0.005,0.0175,0.012708,-0.004792,0.0,0.0,0.0,0.0175,0.012708,-0.004792,0.0,0.0,0.0,0.045,0.025,-0.02,0.035,0.015,-0.02,0.0,0.0,0.0,0.0,0.0,0.0
S01,edge,0.475,0.235,-0.24,0.114583,0.026667,-0.087916,0.000625,0.0,-0.000625,0.115208,0.026667,-0.088541,0.01,0.0,-0.01,0.49,0.095,-0.395,0.1375,0.035,-0.1025,0.005435,0.0,-0.005435,0.029851,0.0,-0.029851
S02,edge,0.355,0.255,-0.1,0.081042,0.0375,-0.043542,0.001042,0.0,-0.001042,0.082083,0.0375,-0.044583,0.005,0.0,-0.005,0.29,0.135,-0.155,0.0875,0.0425,-0.045,0.004237,0.0,-0.004237,0.022222,0.0,-0.022222
S03,edge,0.315,0.415,0.1,0.065417,0.038958,-0.026459,0.0,0.000833,0.000833,0.065417,0.039792,-0.025625,0.0,0.01,0.01,0.25,0.15,-0.1,0.0775,0.0575,-0.02,0.0,0.011765,0.011765,0.0,0.04,0.04
S04,corner,0.175,0.145,-0.03,0.027083,0.006458,-0.020625,0.0,0.000833,0.000833,0.027083,0.007292,-0.019791,0.0,0.005,0.005,0.055,0.005,-0.05,0.03,0.005,-0.025,0.0,0.03125,0.03125,0.0,0.071429,0.071429
S10,edge,0.335,0.19,-0.145,0.106042,0.030417,-0.075625,0.000417,0.0,-0.000417,0.106458,0.030417,-0.076041,0.005,0.0,-0.005,0.345,0.125,-0.22,0.0975,0.0525,-0.045,0.003185,0.0,-0.003185,0.02,0.0,-0.02
S11,interior,1.39,1.53,0.14,0.20875,0.144167,-0.064583,0.051042,0.088958,0.037916,0.259792,0.233125,-0.026667,0.135,0.165,0.03,1.555,1.625,0.07,0.2425,0.24625,0.00375,0.02507,0.035032,0.009962,0.170886,0.197605,0.026719
S12,interior,1.38,1.47,0.09,0.214583,0.160625,-0.053958,0.05875,0.097917,0.039167,0.273333,0.258542,-0.014791,0.135,0.175,0.04,1.595,1.85,0.255,0.24125,0.2475,0.00625,0.024748,0.03692,0.012172,0.170886,0.22293,0.052044
S13,interior,1.435,1.72,0.285,0.227708,0.1425,-0.085208,0.037917,0.105,0.067083,0.265625,0.2475,-0.018125,0.135,0.215,0.08,1.665,1.765,0.1,0.255,0.26125,0.00625,0.023499,0.048369,0.02487,0.16875,0.254438,0.085688
S14,edge,0.415,0.28,-0.135,0.080417,0.023542,-0.056875,0.000208,0.001042,0.000834,0.080625,0.024583,-0.056042,0.005,0.005,0.0,0.305,0.135,-0.17,0.09,0.04,-0.05,0.003891,0.007407,0.003516,0.018182,0.028571,0.010389
S20,edge,0.365,0.305,-0.06,0.096667,0.03125,-0.065417,0.0,0.0025,0.0025,0.096667,0.03375,-0.062917,0.0,0.005,0.005,0.38,0.12,-0.26,0.11,0.04,-0.07,0.0,0.008929,0.008929,0.0,0.030303,0.030303
S21,interior,1.355,1.715,0.36,0.235208,0.151042,-0.084166,0.077083,0.116042,0.038959,0.312292,0.267083,-0.045209,0.18,0.21,0.03,2.025,1.86,-0.165,0.28125,0.265,-0.01625,0.039956,0.041136,0.00118,0.251748,0.244186,-0.007562
S22,interior,1.32,1.545,0.225,0.236458,0.170833,-0.065625,0.060625,0.120417,0.059792,0.297083,0.29125,-0.005833,0.125,0.19,0.065,1.655,1.765,0.11,0.2475,0.2575,0.01,0.021079,0.039135,0.018056,0.160256,0.238994,0.078738
S23,interior,1.16,1.72,0.56,0.183542,0.154167,-0.029375,0.034792,0.1275,0.092708,0.218333,0.281667,0.063334,0.095,0.23,0.135,1.325,2.0,0.675,0.2025,0.2825,0.08,0.018027,0.046559,0.028532,0.131944,0.267442,0.135498
S24,edge,0.295,0.235,-0.06,0.076042,0.020625,-0.055417,0.0,0.001042,0.001042,0.076042,0.021667,-0.054375,0.0,0.005,0.005,0.32,0.07,-0.25,0.09,0.03,-0.06,0.0,0.01087,0.01087,0.0,0.034483,0.034483
S30,edge,0.29,0.305,0.015,0.065625,0.043958,-0.021667,0.001042,0.001458,0.000416,0.066667,0.045417,-0.02125,0.005,0.015,0.01,0.25,0.195,-0.055,0.075,0.06,-0.015,0.004762,0.02069,0.015928,0.025641,0.090909,0.065268
S31,interior,1.31,1.79,0.48,0.201667,0.143333,-0.058334,0.039583,0.105625,0.066042,0.24125,0.248958,0.007708,0.125,0.225,0.1,1.59,1.68,0.09,0.24125,0.245,0.00375,0.024438,0.046632,0.022194,0.170068,0.254237,0.084169
S32,interior,1.36,1.5,0.14,0.219167,0.148958,-0.070209,0.041458,0.102292,0.060834,0.260625,0.25125,-0.009375,0.13,0.175,0.045,1.555,1.715,0.16,0.23375,0.235,0.00125,0.023658,0.036998,0.01334,0.171053,0.214724,0.043671
S33,interior,1.205,1.575,0.37,0.25375,0.1475,-0.10625,0.0325,0.085208,0.052708,0.28625,0.232708,-0.053542,0.085,0.185,0.1,1.87,1.675,-0.195,0.27875,0.24,-0.03875,0.015357,0.036634,0.021277,0.11039,0.221557,0.111167
S34,edge,0.455,0.245,-0.21,0.103542,0.024792,-0.07875,0.004792,0.0,-0.004792,0.108333,0.024792,-0.083541,0.015,0.0,-0.015,0.435,0.1,-0.335,0.125,0.0375,-0.0875,0.008671,0.0,-0.008671,0.052632,0.0,-0.052632
S40,corner,0.225,0.095,-0.13,0.044375,0.0075,-0.036875,0.000208,0.0,-0.000208,0.044583,0.0075,-0.037083,0.005,0.0,-0.005,0.085,0.01,-0.075,0.06,0.01,-0.05,0.010204,0.0,-0.010204,0.037037,0.0,-0.037037
S41,edge,0.415,0.32,-0.095,0.0775,0.030208,-0.047292,0.000417,0.001458,0.001041,0.077917,0.031667,-0.04625,0.01,0.005,-0.005,0.32,0.11,-0.21,0.1025,0.04,-0.0625,0.006826,0.009709,0.002883,0.035088,0.03125,-0.003838
S42,edge,0.38,0.345,-0.035,0.073125,0.04,-0.033125,0.002292,0.001667,-0.000625,0.075417,0.041667,-0.03375,0.015,0.01,-0.005,0.28,0.165,-0.115,0.085,0.0575,-0.0275,0.016043,0.015038,-0.001005,0.071429,0.047619,-0.02381
S43,edge,0.305,0.265,-0.04,0.054583,0.038125,-0.016458,0.000208,0.000625,0.000417,0.054792,0.03875,-0.016042,0.005,0.005,0.0,0.205,0.165,-0.04,0.055,0.045,-0.01,0.006173,0.007937,0.001764,0.026316,0.032258,0.005942
S44,corner,0.17,0.08,-0.09,0.0325,0.006875,-0.025625,0.0,0.0,0.0,0.0325,0.006875,-0.025625,0.0,0.0,0.0,0.06,0.02,-0.04,0.04,0.01,-0.03,0.0,0.0,0.0,0.0,0.0,0.0
