experiment_id,iteration_limit,supply_point,spatial_category,player_games,player_games_with_unsecured_control,unsecured_control_frequency,mean_first_unsecured_control_turn,player_games_with_controlled_or_secured,controlled_or_secured_frequency,mean_first_control_turn,unsecured_controlled_turns,secured_turns,controlled_or_secured_turns,unsecured_controlled_turn_share,secured_turn_share,controlled_or_secured_turn_share,neutral_turn_share,contested_turn_share,final_unsecured_control_rate,final_secured_rate,final_controlled_or_secured_rate
uct-10000-self-play,10000,S00,corner,200,27,0.135,22.592593,27,0.135,22.592593,61,0,61,0.012708,0.0,0.012708,0.974583,0.001667,0.12,0.0,0.12
uct-10000-self-play,10000,S01,edge,200,34,0.17,20.117647,34,0.17,20.117647,128,0,128,0.026667,0.0,0.026667,0.946667,0.01625,0.13,0.0,0.13
uct-10000-self-play,10000,S02,edge,200,34,0.17,18.588235,34,0.17,18.588235,180,0,180,0.0375,0.0,0.0375,0.925,0.021667,0.13,0.0,0.13
uct-10000-self-play,10000,S03,edge,200,48,0.24,18.4375,49,0.245,18.530612,187,4,191,0.038958,0.000833,0.039792,0.920417,0.060833,0.135,0.01,0.145
uct-10000-self-play,10000,S04,corner,200,17,0.085,21.176471,17,0.085,21.176471,31,4,35,0.006458,0.000833,0.007292,0.985417,0.015417,0.06,0.005,0.065
uct-10000-self-play,10000,S10,edge,200,27,0.135,19.185185,27,0.135,19.185185,146,0,146,0.030417,0.0,0.030417,0.939167,0.005417,0.12,0.0,0.12
uct-10000-self-play,10000,S11,interior,200,109,0.545,7.743119,114,0.57,7.894737,692,427,1119,0.144167,0.088958,0.233125,0.53375,0.515417,0.14,0.165,0.305
uct-10000-self-play,10000,S12,interior,200,97,0.485,4.762887,105,0.525,5.180952,771,470,1241,0.160625,0.097917,0.258542,0.482917,0.510833,0.12,0.175,0.295
uct-10000-self-play,10000,S13,interior,200,111,0.555,8.324324,122,0.61,8.516393,684,504,1188,0.1425,0.105,0.2475,0.505,0.525,0.12,0.215,0.335
uct-10000-self-play,10000,S14,edge,200,36,0.18,18.638889,36,0.18,18.638889,113,5,118,0.023542,0.001042,0.024583,0.950833,0.051667,0.105,0.005,0.11
uct-10000-self-play,10000,S20,edge,200,40,0.2,19.175,40,0.2,19.175,150,12,162,0.03125,0.0025,0.03375,0.9325,0.0375,0.145,0.005,0.15
uct-10000-self-play,10000,S21,interior,200,118,0.59,6,128,0.64,6.320312,725,557,1282,0.151042,0.116042,0.267083,0.465833,0.590833,0.11,0.21,0.32
uct-10000-self-play,10000,S22,interior,200,111,0.555,5.054054,125,0.625,5.28,820,578,1398,0.170833,0.120417,0.29125,0.4175,0.570833,0.135,0.19,0.325
uct-10000-self-play,10000,S23,interior,200,125,0.625,5.848,134,0.67,5.985075,740,612,1352,0.154167,0.1275,0.281667,0.436667,0.60125,0.11,0.23,0.34
uct-10000-self-play,10000,S24,edge,200,28,0.14,19.142857,28,0.14,19.142857,99,5,104,0.020625,0.001042,0.021667,0.956667,0.037083,0.09,0.005,0.095
uct-10000-self-play,10000,S30,edge,200,39,0.195,17.666667,40,0.2,17.825,211,7,218,0.043958,0.001458,0.045417,0.909167,0.035,0.14,0.015,0.155
uct-10000-self-play,10000,S31,interior,200,111,0.555,7.351351,119,0.595,7.554622,688,507,1195,0.143333,0.105625,0.248958,0.502083,0.55125,0.085,0.225,0.31
uct-10000-self-play,10000,S32,interior,200,103,0.515,5.757282,108,0.54,5.87963,715,491,1206,0.148958,0.102292,0.25125,0.4975,0.532083,0.12,0.175,0.295
uct-10000-self-play,10000,S33,interior,200,99,0.495,5.79798,106,0.53,6.160377,708,409,1117,0.1475,0.085208,0.232708,0.534583,0.524583,0.095,0.185,0.28
uct-10000-self-play,10000,S34,edge,200,34,0.17,19.970588,34,0.17,19.970588,119,0,119,0.024792,0.0,0.024792,0.950417,0.0225,0.115,0.0,0.115
uct-10000-self-play,10000,S40,corner,200,16,0.08,22.0625,16,0.08,22.0625,36,0,36,0.0075,0.0,0.0075,0.985,0.004583,0.065,0.0,0.065
uct-10000-self-play,10000,S41,edge,200,38,0.19,19.368421,38,0.19,19.368421,145,7,152,0.030208,0.001458,0.031667,0.936667,0.035833,0.135,0.005,0.14
uct-10000-self-play,10000,S42,edge,200,39,0.195,17.948718,40,0.2,18.1,192,8,200,0.04,0.001667,0.041667,0.916667,0.037917,0.105,0.01,0.115
uct-10000-self-play,10000,S43,edge,200,33,0.165,17.545455,33,0.165,17.545455,183,3,186,0.038125,0.000625,0.03875,0.9225,0.031667,0.11,0.005,0.115
uct-10000-self-play,10000,S44,corner,200,13,0.065,22.230769,13,0.065,22.230769,33,0,33,0.006875,0.0,0.006875,0.98625,0.00125,0.055,0.0,0.055
uct-3000-self-play,3000,S00,corner,200,26,0.13,20.846154,26,0.13,20.846154,84,0,84,0.0175,0.0,0.0175,0.965,0.01,0.1,0.0,0.1
uct-3000-self-play,3000,S01,edge,200,57,0.285,12.666667,57,0.285,12.666667,550,3,553,0.114583,0.000625,0.115208,0.769583,0.07125,0.175,0.01,0.185
uct-3000-self-play,3000,S02,edge,200,48,0.24,14.9375,48,0.24,14.9375,389,5,394,0.081042,0.001042,0.082083,0.835833,0.040417,0.17,0.005,0.175
uct-3000-self-play,3000,S03,edge,200,44,0.22,16.068182,44,0.22,16.068182,314,0,314,0.065417,0.0,0.065417,0.869167,0.040833,0.175,0.0,0.175
uct-3000-self-play,3000,S04,corner,200,27,0.135,20.037037,27,0.135,20.037037,130,0,130,0.027083,0.0,0.027083,0.945833,0.002083,0.12,0.0,0.12
uct-3000-self-play,3000,S10,edge,200,43,0.215,10.72093,43,0.215,10.72093,509,2,511,0.106042,0.000417,0.106458,0.787083,0.0475,0.14,0.005,0.145
uct-3000-self-play,3000,S11,interior,200,108,0.54,6.444444,111,0.555,6.684685,1002,245,1247,0.20875,0.051042,0.259792,0.480417,0.434583,0.165,0.135,0.3
uct-3000-self-play,3000,S12,interior,200,108,0.54,5.611111,114,0.57,6.122807,1030,282,1312,0.214583,0.05875,0.273333,0.453333,0.449583,0.2,0.135,0.335
uct-3000-self-play,3000,S13,interior,200,117,0.585,7.367521,122,0.61,7.852459,1093,182,1275,0.227708,0.037917,0.265625,0.46875,0.444167,0.205,0.135,0.34
uct-3000-self-play,3000,S14,edge,200,55,0.275,16.109091,55,0.275,16.109091,386,1,387,0.080417,0.000208,0.080625,0.83875,0.052917,0.2,0.005,0.205
uct-3000-self-play,3000,S20,edge,200,47,0.235,12.680851,47,0.235,12.680851,464,0,464,0.096667,0.0,0.096667,0.806667,0.052083,0.15,0.0,0.15
uct-3000-self-play,3000,S21,interior,200,106,0.53,5.839623,109,0.545,6,1129,370,1499,0.235208,0.077083,0.312292,0.375417,0.375,0.205,0.18,0.385
uct-3000-self-play,3000,S22,interior,200,114,0.57,5.131579,116,0.58,5.275862,1135,291,1426,0.236458,0.060625,0.297083,0.405833,0.486667,0.195,0.125,0.32
uct-3000-self-play,3000,S23,interior,200,101,0.505,6.841584,105,0.525,7.209524,881,167,1048,0.183542,0.034792,0.218333,0.563333,0.405417,0.185,0.095,0.28
uct-3000-self-play,3000,S24,edge,200,43,0.215,14.744186,43,0.215,14.744186,365,0,365,0.076042,0.0,0.076042,0.847917,0.032083,0.15,0.0,0.15
uct-3000-self-play,3000,S30,edge,200,42,0.21,14.952381,43,0.215,15.069767,315,5,320,0.065625,0.001042,0.066667,0.866667,0.045,0.15,0.005,0.155
uct-3000-self-play,3000,S31,interior,200,106,0.53,7.113208,108,0.54,7.287037,968,190,1158,0.201667,0.039583,0.24125,0.5175,0.395,0.16,0.125,0.285
uct-3000-self-play,3000,S32,interior,200,110,0.55,6.509091,116,0.58,7.043103,1052,199,1251,0.219167,0.041458,0.260625,0.47875,0.42625,0.21,0.13,0.34
uct-3000-self-play,3000,S33,interior,200,110,0.55,6.309091,112,0.56,6.580357,1218,156,1374,0.25375,0.0325,0.28625,0.4275,0.366667,0.27,0.085,0.355
uct-3000-self-play,3000,S34,edge,200,55,0.275,13.054545,55,0.275,13.054545,497,23,520,0.103542,0.004792,0.108333,0.783333,0.07625,0.2,0.015,0.215
uct-3000-self-play,3000,S40,corner,200,33,0.165,17.909091,33,0.165,17.909091,213,1,214,0.044375,0.000208,0.044583,0.910833,0.010417,0.145,0.005,0.15
uct-3000-self-play,3000,S41,edge,200,46,0.23,13.673913,47,0.235,13.893617,372,2,374,0.0775,0.000417,0.077917,0.844167,0.069583,0.15,0.01,0.16
uct-3000-self-play,3000,S42,edge,200,45,0.225,15.8,45,0.225,15.8,351,11,362,0.073125,0.002292,0.075417,0.849167,0.0325,0.165,0.015,0.18
uct-3000-self-play,3000,S43,edge,200,39,0.195,16.435897,39,0.195,16.435897,262,1,263,0.054583,0.000208,0.054792,0.890417,0.030417,0.115,0.005,0.12
uct-3000-self-play,3000,S44,corner,200,30,0.15,19.133333,30,0.15,19.133333,156,0,156,0.0325,0.0,0.0325,0.935,0.008333,0.13,0.0,0.13
