experiment_id,iteration_limit,game_index,trial_file,trial_sha256
uct-10000-self-play,10000,1,experiments/issue-32/results/trials/uct-10000-self-play/uct-10000-self-play-0001.trl,6e4bc10519d5259bce0ddd60dc3c4c9fa8a36b8ec1e307347399e43c673cb4dc
uct-10000-self-play,10000,2,experiments/issue-32/results/trials/uct-10000-self-play/uct-10000-self-play-0002.trl,4551625fd85f9414120a0467710d4269b8437ebddef79cbff6473c12360cd865
uct-10000-self-play,10000,3,experiments/issue-32/results/trials/uct-10000-self-play/uct-10000-self-play-0003.trl,b92731f2c409d1fd44c819ee73024c79d0fb538f5acfb7724a41aca4d64107d6
uct-10000-self-play,10000,4,experiments/issue-32/results/trials/uct-10000-self-play/uct-10000-self-play-0004.trl,4fd6f0fa028b4e9de37c160f7176bd091b2e6549c5d3e863846eea419cbc8741
uct-10000-self-play,10000,5,experiments/issue-32/results/trials/uct-10000-self-play/uct-10000-self-play-0005.trl,f3c55810aae4f853e22987bb12d2a7b534c85a196181111406c4067b90ceb1e8
uct-10000-self-play,10000,6,experiments/issue-32/results/trials/uct-10000-self-play/uct-10000-self-play-0006.trl,b96d48bc656ee923212c2f78f41b27497ad780cb8b979cbc4ee79558c480dbc0
uct-10000-self-play,10000,7,experiments/issue-32/results/trials/uct-10000-self-play/uct-10000-self-play-0007.trl,511b522e5042e16d0a9b42a91f1cde25cd08b68cd8d6668bee2343666e616104
uct-10000-self-play,10000,8,experiments/issue-32/results/trials/uct-10000-self-play/uct-10000-self-play-0008.trl,fc6508d3f3c40147ca3a611cdc9efc3e8df42e4dc1d771c16ea7f71d26a76beb
uct-10000-self-play,10000,9,experiments/issue-32/results/trials/uct-10000-self-play/uct-10000-self-play-0009.trl,7871a176d633a32e443dcad00b6bc1020a26286b0b60a5b6dd196f6860f3cc91
uct-10000-self-play,10000,10,experiments/issue-32/results/trials/uct-10000-self-play/uct-10000-self-play-0010.trl,1c5226395786ec52b208a33849dc5043f1e3cfbff6c477367e689b0556354a4b
uct-10000-self-play,10000,11,experiments/issue-32/results/trials/uct-10000-self-play/uct-10000-self-play-0011.trl,d6ec9546d699ff9682599e7b90b540e7b97319d9cedc108d96c2bbc9654c4611
uct-10000-self-play,10000,12,experiments/issue-32/results/trials/uct-10000-self-play/uct-10000-self-play-0012.trl,ce3616dc9c7326fdd178f823a106bed2a3e88439c40c93867b37474d19526741
uct-10000-self-play,10000,13,experiments/issue-32/results/trials/uct-10000-self-play/uct-10000-self-play-0013.trl,f0ab9fc0c06772fc08100cbcdc7a535f5ed3b35f556ae2db432b56cfe62f8309
uct-10000-self-play,10000,14,experiments/issue-32/results/trials/uct-10000-self-play/uct-10000-self-play-0014.trl,d8dac38fe2a85ed65c6725b62c6bc1fcd27d4892eececf8ff1615cf2590b0470
uct-10000-self-play,10000,15,experiments/issue-32/results/trials/uct-10000-self-play/uct-10000-self-play-0015.trl,43c1500568cd1b4d39bab9ccedb50b9b3aa0c98156428e34b756bec01449ccc9
uct-10000-self-play,10000,16,experiments/issue-32/results/trials/uct-10000-self-play/uct-10000-self-play-0016.trl,c0edd416df524d28554607d178cfa8c03bca260936f1ae658c428417f3490c4d
uct-10000-self-play,10000,17,experiments/issue-32/results/trials/uct-10000-self-play/uct-10000-self-play-0017.trl,955c430a2b1fc3077a6e0250525a464b4d6546bac55ab57c00e6c7d47ad481a9
uct-10000-self-play,10000,18,experiments/issue-32/results/trials/uct-10000-self-play/uct-10000-self-play-0018.trl,8263ce8b48c1a812b3e39641b7b31c9ad04f2d1f6fd0bfd19bb604e85915a6e2
uct-10000-self-play,10000,19,experiments/issue-32/results/trials/uct-10000-self-play/uct-10000-self-play-0019.trl,edab50333caddfd132c6380eacea83318a4f4deb58fc34f57cece121292df532
uct-10000-self-play,10000,20,experiments/issue-32/results/trials/uct-10000-self-play/uct-10000-self-play-0020.trl,f17b04c1d0d99a43be58f4e619cb21c7520f795523ee3d34844b29f5629fb2f9
uct-10000-self-play,10000,21,experiments/issue-32/results/trials/uct-10000-self-play/uct-10000-self-play-0021.trl,bdfd8073771850e96dd4f5c18f88f82c6a043d06fe7594034c71413f0c6d40c0
uct-10000-self-play,10000,22,experiments/issue-32/results/trials/uct-10000-self-play/uct-10000-self-play-0022.trl,6168be98bfa502c8e36bfdc453fe86add5e50245e660cb33e0ccb2dd976b62d1
uct-10000-self-play,10000,23,experiments/issue-32/results/trials/uct-10000-self-play/uct-10000-self-play-0023.trl,ca226f2a64e67594ef386208cfb62e859b660a3f8b36e8aeb01d8f6a35005999
uct-10000-self-play,10000,24,experiments/issue-32/results/trials/uct-10000-self-play/uct-10000-self-play-0024.trl,a441a4e771a8610830b6b3dcdddf31a516cec3102149d766c5b0d097e5c82580
uct-10000-self-play,10000,25,experiments/issue-32/results/trials/uct-10000-self-play/uct-10000-self-play-0025.trl,88518190e30c9c8d21948d944c6947f09950bf201a4befe7a022e72e9463eab1
uct-10000-self-play,10000,26,experiments/issue-32/results/trials/uct-10000-self-play/uct-10000-self-play-0026.trl,be528d646a53e63bf9d9bc2f7703949387f0685ca65ccc8059f774d98a79c902
uct-10000-self-play,10000,27,experiments/issue-32/results/trials/uct-10000-self-play/uct-10000-self-play-0027.trl,88038b308c8328bb9de5082ff3bd4087a0543016439198c84cf13846621c207d
uct-10000-self-play,10000,28,experiments/issue-32/results/trials/uct-10000-self-play/uct-10000-self-play-0028.trl,277bc866a7fca64d3afb5cb22d81eec4280b921b274b8a33046338c2824c9573
uct-10000-self-play,10000,29,experiments/issue-32/results/trials/uct-10000-self-play/uct-10000-self-play-0029.trl,acbe9a81bea3e7a13a728714cd5ca720572114b9196572f6f90080dd2201f859
uct-10000-self-play,10000,30,experiments/issue-32/results/trials/uct-10000-self-play/uct-10000-self-play-0030.trl,28514da69322365044c23d801fc667f834627474a57757284ff1ee8c188add92
uct-10000-self-play,10000,31,experiments/issue-32/results/trials/uct-10000-self-play/uct-10000-self-play-0031.trl,b3181c6eac27facee715ab9f9ea3cc7a89c7fdee16efc575dcab5857a9ef08f1
uct-10000-self-play,10000,32,experiments/issue-32/results/trials/uct-10000-self-play/uct-10000-self-play-0032.trl,e724c2773998c24f0e28ccf910c91325881e208249fc31d5d06441b51374dd73
uct-10000-self-play,10000,33,experiments/issue-32/results/trials/uct-10000-self-play/uct-10000-self-play-0033.trl,fc1ee19ddb94e840cdb6a4f9c6efbb059923a2e65e26876f1536657423f409a0
uct-10000-self-play,10000,34,experiments/issue-32/results/trials/uct-10000-self-play/uct-10000-self-play-0034.trl,29a96404103a20f7560260644bdff6d1f08ae3f7779ad0f548b0848f9e7175ed
uct-10000-self-play,10000,35,experiments/issue-32/results/trials/uct-10000-self-play/uct-10000-self-play-0035.trl,c40802b0b6ce6776dc22935ad47d6165d1ee8a978db1c76881afe9393768ec79
uct-10000-self-play,10000,36,experiments/issue-32/results/trials/uct-10000-self-play/uct-10000-self-play-0036.trl,f2a75efd082729aeffa7c8f7f7e03f354a086ecff206f571c32a21acb428fcf1
uct-10000-self-play,10000,37,experiments/issue-32/results/trials/uct-10000-self-play/uct-10000-self-play-0037.trl,90f0db14f3f5d81e47d4ef4fbfd011300034d845384bf4ebb198d5544c1a2670
uct-10000-self-play,10000,38,experiments/issue-32/results/trials/uct-10000-self-play/uct-10000-self-play-0038.trl,b1469b92a74918949a83d4f31fde78c0352c99f3bc9aec24fa30a91ba44fa3ce
uct-10000-self-play,10000,39,experiments/issue-32/results/trials/uct-10000-self-play/uct-10000-self-play-0039.trl,4777c0a861eac4504e60b6fc5149bbb0a013ff7231224cb5a573758d290559b7
uct-10000-self-play,10000,40,experiments/issue-32/results/trials/uct-10000-self-play/uct-10000-self-play-0040.trl,9f41077eac828a18edf5f773345df1bf770e7bf55284bbea7d2d92847861eee6
uct-10000-self-play,10000,41,experiments/issue-32/results/trials/uct-10000-self-play/uct-10000-self-play-0041.trl,41057447adb6cea99ac796210dca4a1234c5b35982a9474e0131760e6719b18c
uct-10000-self-play,10000,42,experiments/issue-32/results/trials/uct-10000-self-play/uct-10000-self-play-0042.trl,12f6fbfc232c9180b317ea532eae428ae4b6f674af5ea48c4dd6837fe38bbb31
uct-10000-self-play,10000,43,experiments/issue-32/results/trials/uct-10000-self-play/uct-10000-self-play-0043.trl,643c94e15d0a7c0c1ae7493ba25fb0a48605e630d647ba5a28162fdd8e62480a
uct-10000-self-play,10000,44,experiments/issue-32/results/trials/uct-10000-self-play/uct-10000-self-play-0044.trl,124a57679ec0a5dd0751f035a845da6cbfbd723538e711cc402872e542525283
uct-10000-self-play,10000,45,experiments/issue-32/results/trials/uct-10000-self-play/uct-10000-self-play-0045.trl,c54578486bfd877435218149bd61a913e185e716b1cb5d9ab0554912d54ddc44
uct-10000-self-play,10000,46,experiments/issue-32/results/trials/uct-10000-self-play/uct-10000-self-play-0046.trl,cbeeaaa2c121f4a160445d68c4f1b762ba8b13ee3ed97e3985468851896b6d4a
uct-10000-self-play,10000,47,experiments/issue-32/results/trials/uct-10000-self-play/uct-10000-self-play-0047.trl,676e9e6a617ef3eacb24be8cd48907187cfaae31c42a045f8f74d09666720c06
uct-10000-self-play,10000,48,experiments/issue-32/results/trials/uct-10000-self-play/uct-10000-self-play-0048.trl,27001208ce4603995fee304e95567a4cbb6c577ef919d0ab4f53843457eebe2c
uct-10000-self-play,10000,49,experiments/issue-32/results/trials/uct-10000-self-play/uct-10000-self-play-0049.trl,ad3d55e3e6f4aa72a6c411e44d46c528eb05eef071180b4c48d9779343483b87
uct-10000-self-play,10000,50,experiments/issue-32/results/trials/uct-10000-self-play/uct-10000-self-play-0050.trl,38e9718706673e7f0f7a76be1e09e1ce728bbb46177274296f582fd06f627643
uct-10000-self-play,10000,51,experiments/issue-32/results/trials/uct-10000-self-play/uct-10000-self-play-0051.trl,144362b763f07b67b73a28274afceb2fac2b1a79af8fbd07bd03fbd20eb77278
uct-10000-self-play,10000,52,experiments/issue-32/results/trials/uct-10000-self-play/uct-10000-self-play-0052.trl,e039e8b50fdbc6bb20b833ae4219e62ff7e494ee5417a312719c9b93ab3caef9
uct-10000-self-play,10000,53,experiments/issue-32/results/trials/uct-10000-self-play/uct-10000-self-play-0053.trl,74fef99c55801c3a952f5db2b1eadbdd73f8eebbb667fd4de756b0c76466d4ce
uct-10000-self-play,10000,54,experiments/issue-32/results/trials/uct-10000-self-play/uct-10000-self-play-0054.trl,3c600a812f95f6d459f6ca349b0c92a43d7adaee8f7c54b8dd1787f7507edbe9
uct-10000-self-play,10000,55,experiments/issue-32/results/trials/uct-10000-self-play/uct-10000-self-play-0055.trl,07e742f0bd82518d80aa806e708392f68cc982380fcc2afa3f440399ecafe929
uct-10000-self-play,10000,56,experiments/issue-32/results/trials/uct-10000-self-play/uct-10000-self-play-0056.trl,b0b45568a4b7f902f43b47ba8380d72c8738e73dac1ae0347cc6c03b8f9b6f03
uct-10000-self-play,10000,57,experiments/issue-32/results/trials/uct-10000-self-play/uct-10000-self-play-0057.trl,30150d9afb1538512e2646dc5179e307b8ab2982e21425a2376d691d33802b80
uct-10000-self-play,10000,58,experiments/issue-32/results/trials/uct-10000-self-play/uct-10000-self-play-0058.trl,6ca1d024ee455b9255ac6464b2050bb7f915e9843394f43caf1d51f4188d0c8f
uct-10000-self-play,10000,59,experiments/issue-32/results/trials/uct-10000-self-play/uct-10000-self-play-0059.trl,743ceaa566a128a79f4a432b1a8cc1d2abf528c011d516418c0fe7770580aa4a
uct-10000-self-play,10000,60,experiments/issue-32/results/trials/uct-10000-self-play/uct-10000-self-play-0060.trl,ce20c7ba88c1f9481663a1837182d3b57e7fc7712e72060500350eb47fe0fabb
uct-10000-self-play,10000,61,experiments/issue-32/results/trials/uct-10000-self-play/uct-10000-self-play-0061.trl,78574115482f99eae6e83ef5d3435d9d67a240531c920fb37d5d044ce37a74ac
uct-10000-self-play,10000,62,experiments/issue-32/results/trials/uct-10000-self-play/uct-10000-self-play-0062.trl,79a54593ef4949926f3e942c6dcbedb6a6b82093bd9cf5500b7c9b0dd101f322
uct-10000-self-play,10000,63,experiments/issue-32/results/trials/uct-10000-self-play/uct-10000-self-play-0063.trl,b253d52e7acf31cd336e35413be39a50e67aac1348d182c9b8c52cb8f4b68933
uct-10000-self-play,10000,64,experiments/issue-32/results/trials/uct-10000-self-play/uct-10000-self-play-0064.trl,213a19bc21c2a7d81b899904cd73d2f3c6f798c0c2f91bcf57f68c047d4d500e
uct-10000-self-play,10000,65,experiments/issue-32/results/trials/uct-10000-self-play/uct-10000-self-play-0065.trl,75e3b25d6b7af4c0e52f8884ca914e0c731bc2415d652e6c5d181f5a0290fea3
uct-10000-self-play,10000,66,experiments/issue-32/results/trials/uct-10000-self-play/uct-10000-self-play-0066.trl,adf350bf407590b53d6db0d97954d8f8925b875e94b17448c14e5b03bfeaab54
uct-10000-self-play,10000,67,experiments/issue-32/results/trials/uct-10000-self-play/uct-10000-self-play-0067.trl,c121bf4c4b2591ca6001d06ebf1c3eb7bcfaa19f0df1f6e0a8386d6322e9889e
uct-10000-self-play,10000,68,experiments/issue-32/results/trials/uct-10000-self-play/uct-10000-self-play-0068.trl,fc183f94eb0c2414eb5ab40c7cdbc09b34556cbd5a440c0899b365afa78dd372
uct-10000-self-play,10000,69,experiments/issue-32/results/trials/uct-10000-self-play/uct-10000-self-play-0069.trl,4fb3a325862ae997cd04ef08c243450b0197160905d90601c3a84521481f7c30
uct-10000-self-play,10000,70,experiments/issue-32/results/trials/uct-10000-self-play/uct-10000-self-play-0070.trl,fcd17d1a1309e9756336b0022557e2f77d257b0999962807f2b1f338eea0269b
uct-10000-self-play,10000,71,experiments/issue-32/results/trials/uct-10000-self-play/uct-10000-self-play-0071.trl,6c89526b2829903e7765b58b0cd5183167d6214df87ed3fc9f8c103b42e20544
uct-10000-self-play,10000,72,experiments/issue-32/results/trials/uct-10000-self-play/uct-10000-self-play-0072.trl,fe03bfb4f6c267630c2809c74aad7cc0763b2dcd7c40eb47f4d09d9c15fd0e0c
uct-10000-self-play,10000,73,experiments/issue-32/results/trials/uct-10000-self-play/uct-10000-self-play-0073.trl,b103be65190cb80377474734fff895b852e3ebcc474b3ba19a9cb9e9461947b6
uct-10000-self-play,10000,74,experiments/issue-32/results/trials/uct-10000-self-play/uct-10000-self-play-0074.trl,f8d127bbec3a126d84fbb9084682a9634b79b418e5093b482c3dbce2022d9a2b
uct-10000-self-play,10000,75,experiments/issue-32/results/trials/uct-10000-self-play/uct-10000-self-play-0075.trl,21f8a1531ade6dfca3b2586163506fce8eab51db84b4d88ac315d7227877dc99
uct-10000-self-play,10000,76,experiments/issue-32/results/trials/uct-10000-self-play/uct-10000-self-play-0076.trl,47f86385348b4762d55ba278a8f3a946233f7918c0347d7a7a6eef446b52442e
uct-10000-self-play,10000,77,experiments/issue-32/results/trials/uct-10000-self-play/uct-10000-self-play-0077.trl,f3d5bbc15db77b7305eb926c962100b1a6610af269d2f93e73cc0b5c6334d3fb
uct-10000-self-play,10000,78,experiments/issue-32/results/trials/uct-10000-self-play/uct-10000-self-play-0078.trl,69a400d64e2fe2f20eed3ce8b69c033e357daaabcc6a41986e52bc1a4007aad8
uct-10000-self-play,10000,79,experiments/issue-32/results/trials/uct-10000-self-play/uct-10000-self-play-0079.trl,29d11e4f27b615813a3da89c80db20e41035988c082ff9a4e961a0d3b2bc0db8
uct-10000-self-play,10000,80,experiments/issue-32/results/trials/uct-10000-self-play/uct-10000-self-play-0080.trl,b11f397f0a9353373f1f7d0f16e82a0b27430a21e12c590d788e658e372bb393
uct-10000-self-play,10000,81,experiments/issue-32/results/trials/uct-10000-self-play/uct-10000-self-play-0081.trl,f8be762cbe025910af2bd1092c2b97e3023330c690b232ab5d17cceaea9b2f23
uct-10000-self-play,10000,82,experiments/issue-32/results/trials/uct-10000-self-play/uct-10000-self-play-0082.trl,c53886dfb0b5e137d8ba8ebf47ec63a5e403abc68b7b1be570adfcdfd5fbbbb1
uct-10000-self-play,10000,83,experiments/issue-32/results/trials/uct-10000-self-play/uct-10000-self-play-0083.trl,2adf68456e8d7c7d7f4c3d8c1baa63ab0c6c321583cc52be618564bf23f33861
uct-10000-self-play,10000,84,experiments/issue-32/results/trials/uct-10000-self-play/uct-10000-self-play-0084.trl,dfa8bc78fa621257b0a5121d89f8eb5dc226e250742a0beb6c5bfa5d97b04c4e
uct-10000-self-play,10000,85,experiments/issue-32/results/trials/uct-10000-self-play/uct-10000-self-play-0085.trl,2de37c2ca5f22a090552da6b7e8de679fbcf6884db9363a39e7d7e1eef0a2778
uct-10000-self-play,10000,86,experiments/issue-32/results/trials/uct-10000-self-play/uct-10000-self-play-0086.trl,0b78f0cacdc439b8146ea9b1a695e81b08b70c76e1062927c2e665d128e0bfc2
uct-10000-self-play,10000,87,experiments/issue-32/results/trials/uct-10000-self-play/uct-10000-self-play-0087.trl,4899cb72892be9d4a04f7096e2ccc7b506542f97f47bbeb3683114b2f4603acb
uct-10000-self-play,10000,88,experiments/issue-32/results/trials/uct-10000-self-play/uct-10000-self-play-0088.trl,c6bc1224436978d0f12ad8a50dfd140f5809738ac324b244b7f81fbb753651a6
uct-10000-self-play,10000,89,experiments/issue-32/results/trials/uct-10000-self-play/uct-10000-self-play-0089.trl,f4843386099ba95baa569b04e99c5f72d82c05bf652ac29fb5a573a26e07241f
uct-10000-self-play,10000,90,experiments/issue-32/results/trials/uct-10000-self-play/uct-10000-self-play-0090.trl,bdfe9c464ed4d8f04a66f74b67224491a7df5221e5fa55aeb243466f6e91059f
uct-10000-self-play,10000,91,experiments/issue-32/results/trials/uct-10000-self-play/uct-10000-self-play-0091.trl,0e0f08e14c86a1c8f0a305903a5f86c61e32603553ed9df940ae750cfb46b0b0
uct-10000-self-play,10000,92,experiments/issue-32/results/trials/uct-10000-self-play/uct-10000-self-play-0092.trl,bfbb6a62e6b7392c95fbae6a9f218653db78a1bfb2cd150278bc107dece63fb9
uct-10000-self-play,10000,93,experiments/issue-32/results/trials/uct-10000-self-play/uct-10000-self-play-0093.trl,70af4bba8468eccd8547d870c0f7be0fdf707fae13c40d669176d89d077580dc
uct-10000-self-play,10000,94,experiments/issue-32/results/trials/uct-10000-self-play/uct-10000-self-play-0094.trl,e42a8445893d2cde82ea4b0f610b04d35c4198f05c78a15bb20c654d1085f151
uct-10000-self-play,10000,95,experiments/issue-32/results/trials/uct-10000-self-play/uct-10000-self-play-0095.trl,1245816f18dc7c8aeebd4daa31ad01a02df1650916d71adfddc88649cc8f726c
uct-10000-self-play,10000,96,experiments/issue-32/results/trials/uct-10000-self-play/uct-10000-self-play-0096.trl,170c59b9ad4d9d48ae055a73e7cd07b45b68003e01ab5cb5d3a5021e3565edc3
uct-10000-self-play,10000,97,experiments/issue-32/results/trials/uct-10000-self-play/uct-10000-self-play-0097.trl,0cce90533acfe1d5bb399a9b489435d169c31d5e9452adf6f89ef8fd45a27c73
uct-10000-self-play,10000,98,experiments/issue-32/results/trials/uct-10000-self-play/uct-10000-self-play-0098.trl,c3bfa5dc32a3fa04c2926aade45f5075f25a20d4b03ae2ed2b3026ed61fa7ce7
uct-10000-self-play,10000,99,experiments/issue-32/results/trials/uct-10000-self-play/uct-10000-self-play-0099.trl,8c57caa2cb0aa70ecec7b284ec6740e4564c957ee953ac207a0dfdaa42209d9e
uct-10000-self-play,10000,100,experiments/issue-32/results/trials/uct-10000-self-play/uct-10000-self-play-0100.trl,f265eef3c6b28324fa84b6670e03e836a261a235538b41f5c2969c14c45928a2
uct-30000-self-play,30000,1,experiments/issue-47/results/production/tasks/issue-47-v1-production-uct-030000-g0001/uct-30000-self-play-0001.trl,0e72d01792d4ae9ec6c1db40df19a6cefd8a043f68043f0cb5aaccfeb0e15fbb
uct-30000-self-play,30000,2,experiments/issue-47/results/production/tasks/issue-47-v1-production-uct-030000-g0002/uct-30000-self-play-0002.trl,8035d7df6be340ac5a8b2ad91da0634721998dc58ca0dc641098800a8795c93f
uct-30000-self-play,30000,3,experiments/issue-47/results/production/tasks/issue-47-v1-production-uct-030000-g0003/uct-30000-self-play-0003.trl,55f61fb8bf8667028ce9a8f00c774378a612a6c8277d07df48be3df735fa553c
uct-30000-self-play,30000,4,experiments/issue-47/results/production/tasks/issue-47-v1-production-uct-030000-g0004/uct-30000-self-play-0004.trl,8396cdf1f961bbfd35403847ab661ad14c5dbc939fe7078a7606ff35171f34cb
uct-30000-self-play,30000,5,experiments/issue-47/results/production/tasks/issue-47-v1-production-uct-030000-g0005/uct-30000-self-play-0005.trl,dbfde8039f7ff7779b3b151ba9b4ee29c53539edcde818ac8adbae9e44f11997
uct-30000-self-play,30000,6,experiments/issue-47/results/production/tasks/issue-47-v1-production-uct-030000-g0006/uct-30000-self-play-0006.trl,acf72ae3687c610b03407fba97633ace87e5389fcb436f50b5dcdf68cbab0925
uct-30000-self-play,30000,7,experiments/issue-47/results/production/tasks/issue-47-v1-production-uct-030000-g0007/uct-30000-self-play-0007.trl,f968b9476c7d3a5e437bc22a8c3e919fbe814e3ad9a0e862de438ed6629a3b8e
uct-30000-self-play,30000,8,experiments/issue-47/results/production/tasks/issue-47-v1-production-uct-030000-g0008/uct-30000-self-play-0008.trl,3dc40f6b9db1d389a9f0b9e46e4d914df692d839497912d84d5bacba4629ab17
uct-30000-self-play,30000,9,experiments/issue-47/results/production/tasks/issue-47-v1-production-uct-030000-g0009/uct-30000-self-play-0009.trl,c67a927637e199df4cd91e3dea52368439160f1db73b313ff5b0dae33d612e62
uct-30000-self-play,30000,10,experiments/issue-47/results/production/tasks/issue-47-v1-production-uct-030000-g0010/uct-30000-self-play-0010.trl,cef146953666928f27191ebde731cc0ca853f7e60f8cb04f65f16f624fd58af6
uct-30000-self-play,30000,11,experiments/issue-47/results/production/tasks/issue-47-v1-production-uct-030000-g0011/uct-30000-self-play-0011.trl,0d03da6577c5e28455b7d3a4f91307be1cd3b175918ca2466b465f1785e6a9ed
uct-30000-self-play,30000,12,experiments/issue-47/results/production/tasks/issue-47-v1-production-uct-030000-g0012/uct-30000-self-play-0012.trl,445a4d328407bdc02f4cc47d1f17e9e3f620902c3d82e01ad717436f40f4bd78
uct-30000-self-play,30000,13,experiments/issue-47/results/production/tasks/issue-47-v1-production-uct-030000-g0013/uct-30000-self-play-0013.trl,4e51574accffd175ac286043c80c86f09b738c46e847fc1d225d7a519c20de97
uct-30000-self-play,30000,14,experiments/issue-47/results/production/tasks/issue-47-v1-production-uct-030000-g0014/uct-30000-self-play-0014.trl,faad5d7d6d1c64f5461ad2ca4a44d522ac18f18404205ce118078b33a6479b91
uct-30000-self-play,30000,15,experiments/issue-47/results/production/tasks/issue-47-v1-production-uct-030000-g0015/uct-30000-self-play-0015.trl,645d4323155b15e83b6aaef7c7689219fcf62143abc3f9966136fd351d10c472
uct-30000-self-play,30000,16,experiments/issue-47/results/production/tasks/issue-47-v1-production-uct-030000-g0016/uct-30000-self-play-0016.trl,4148d665b905b1d0bd4e70a06cdc95bc879f8258c3b23823867f3b9228d834bc
uct-30000-self-play,30000,17,experiments/issue-47/results/production/tasks/issue-47-v1-production-uct-030000-g0017/uct-30000-self-play-0017.trl,d7fbc6726d67ecd03e04a3ba7b2cee33a55c9b56c55de7fe285053b57e4e4891
uct-30000-self-play,30000,18,experiments/issue-47/results/production/tasks/issue-47-v1-production-uct-030000-g0018/uct-30000-self-play-0018.trl,13f80e7e3b7c65b941a06dcb678fde5e5529b2840da2f76c75808913f4c495b9
uct-30000-self-play,30000,19,experiments/issue-47/results/production/tasks/issue-47-v1-production-uct-030000-g0019/uct-30000-self-play-0019.trl,2e86ba056563be08589a0b9274393c0bbec150591c450523da1e5d787b1bfc7a
uct-30000-self-play,30000,20,experiments/issue-47/results/production/tasks/issue-47-v1-production-uct-030000-g0020/uct-30000-self-play-0020.trl,bff121361775ea222f3be49c5d7004eb4890077b9f2241e05cf4d57b0683203f
uct-30000-self-play,30000,21,experiments/issue-47/results/production/tasks/issue-47-v1-production-uct-030000-g0021/uct-30000-self-play-0021.trl,a11c25e161d07d097d81a9691598ecc4b72ceb6a97c51d0c4eff7fe0230a412f
uct-30000-self-play,30000,22,experiments/issue-47/results/production/tasks/issue-47-v1-production-uct-030000-g0022/uct-30000-self-play-0022.trl,5bc4d456f1db4a4bb7b3bb94ba93c0d115d0bd5385a58093c90e3c36d6436636
uct-30000-self-play,30000,23,experiments/issue-47/results/production/tasks/issue-47-v1-production-uct-030000-g0023/uct-30000-self-play-0023.trl,fb4c0e034dcaf7586c7f03920ab3e20a8ef9f12f9ce5c12f337a6b8322fdabff
uct-30000-self-play,30000,24,experiments/issue-47/results/production/tasks/issue-47-v1-production-uct-030000-g0024/uct-30000-self-play-0024.trl,62a980c3e9308aab4db18533e452e2ce66aeedd6aef1898fd30605f3b8e325bc
uct-30000-self-play,30000,25,experiments/issue-47/results/production/tasks/issue-47-v1-production-uct-030000-g0025/uct-30000-self-play-0025.trl,45173b1138e2b15a784e4e19dea9a7bf4e7f85797f7429ae5051eec7bb8456c8
uct-30000-self-play,30000,26,experiments/issue-47/results/production/tasks/issue-47-v1-production-uct-030000-g0026/uct-30000-self-play-0026.trl,15b6f9322bd8d46be0467adf90670893fe874a0529b720d781b624be01967571
uct-30000-self-play,30000,27,experiments/issue-47/results/production/tasks/issue-47-v1-production-uct-030000-g0027/uct-30000-self-play-0027.trl,c3c327170acf46b878c9d0c959428e4f431fc07fa46aa08fd0e98eae744162f4
uct-30000-self-play,30000,28,experiments/issue-47/results/production/tasks/issue-47-v1-production-uct-030000-g0028/uct-30000-self-play-0028.trl,57bfc42935b4840f5e9dbc46094b7c94eb98e34b68c82e97004e684277f683d0
uct-30000-self-play,30000,29,experiments/issue-47/results/production/tasks/issue-47-v1-production-uct-030000-g0029/uct-30000-self-play-0029.trl,641a4ea0dc7351bb9c91298d6702bddc8b1a452f007423c3aa850cc63d81fa1f
uct-30000-self-play,30000,30,experiments/issue-47/results/production/tasks/issue-47-v1-production-uct-030000-g0030/uct-30000-self-play-0030.trl,bbc6d8ab7577bb3479e822f1d6f77199cf70e03e866485a135ce4ae1999f9336
uct-30000-self-play,30000,31,experiments/issue-47/results/production/tasks/issue-47-v1-production-uct-030000-g0031/uct-30000-self-play-0031.trl,b94aa7f68f90154b8aebc51dd11cce2930f34bace9417396f71c1941a2064250
uct-30000-self-play,30000,32,experiments/issue-47/results/production/tasks/issue-47-v1-production-uct-030000-g0032/uct-30000-self-play-0032.trl,d85a5aded634eae7c5c3ee8ea814654afef872bf440259606aa3c0b8903231ea
uct-30000-self-play,30000,33,experiments/issue-47/results/production/tasks/issue-47-v1-production-uct-030000-g0033/uct-30000-self-play-0033.trl,64f517cc3aec925f36ede4db0669b1ccd092b9e73922f5c80089d92bb739e86c
uct-30000-self-play,30000,34,experiments/issue-47/results/production/tasks/issue-47-v1-production-uct-030000-g0034/uct-30000-self-play-0034.trl,8e7ea38abaaa43351fc882f644061dc35e7f5d60601980c2ab1adad73126afdb
uct-30000-self-play,30000,35,experiments/issue-47/results/production/tasks/issue-47-v1-production-uct-030000-g0035/uct-30000-self-play-0035.trl,9f75052f9de1c01b12b0b56757ad35771a7ce213be6d205067a1438fe1686c64
uct-30000-self-play,30000,36,experiments/issue-47/results/production/tasks/issue-47-v1-production-uct-030000-g0036/uct-30000-self-play-0036.trl,d5767dc546aeb99d1c21987c8efa46646b4c1476cdf15c90cfcc0779831ccdad
uct-30000-self-play,30000,37,experiments/issue-47/results/production/tasks/issue-47-v1-production-uct-030000-g0037/uct-30000-self-play-0037.trl,8ccb94ceed900a63200c55a134f01d31f4e2d38ca9a5792e14bd1a49f9df48f3
uct-30000-self-play,30000,38,experiments/issue-47/results/production/tasks/issue-47-v1-production-uct-030000-g0038/uct-30000-self-play-0038.trl,09d34e589b0cf9b7b8dbcd449ad0909117bb073468d0eb7b2aa77babc1f51dc0
uct-30000-self-play,30000,39,experiments/issue-47/results/production/tasks/issue-47-v1-production-uct-030000-g0039/uct-30000-self-play-0039.trl,bd8dcd4fd3bc0c4c6f2b46fcdc56b604ab2f9cc90fcd770a0ba0336f9c19cfa6
uct-30000-self-play,30000,40,experiments/issue-47/results/production/tasks/issue-47-v1-production-uct-030000-g0040/uct-30000-self-play-0040.trl,cf56b965dee9a20d93f70a560a7106243f745cf27013dcf9643c5ac74593ba61
uct-30000-self-play,30000,41,experiments/issue-47/results/production/tasks/issue-47-v1-production-uct-030000-g0041/uct-30000-self-play-0041.trl,25b9f172e1b894fbc1caf565cdaf15e56b6164169e6247ab2a22ae0275d8d946
uct-30000-self-play,30000,42,experiments/issue-47/results/production/tasks/issue-47-v1-production-uct-030000-g0042/uct-30000-self-play-0042.trl,5f400d5f2c8b3745d89bed87682b5deab04c33fd8088f6d615bfa3b6b79f7817
uct-30000-self-play,30000,43,experiments/issue-47/results/production/tasks/issue-47-v1-production-uct-030000-g0043/uct-30000-self-play-0043.trl,3665baa3de255c8ddb7f886c0e751a755100ccdd548e725671aa3e254370f50f
uct-30000-self-play,30000,44,experiments/issue-47/results/production/tasks/issue-47-v1-production-uct-030000-g0044/uct-30000-self-play-0044.trl,cf5eee28ee546c083cb780ee8b800f70329898976c524dd06f9ddc62d3b0675e
uct-30000-self-play,30000,45,experiments/issue-47/results/production/tasks/issue-47-v1-production-uct-030000-g0045/uct-30000-self-play-0045.trl,848662607d986bf0fa105bf6db7a9f4edaff264d3f7330c7f9449cf17a80a731
uct-30000-self-play,30000,46,experiments/issue-47/results/production/tasks/issue-47-v1-production-uct-030000-g0046/uct-30000-self-play-0046.trl,283aba4ebdf6aff73847ae36be87c93d1a87cb079b8dd1eec7c9fda62496c722
uct-30000-self-play,30000,47,experiments/issue-47/results/production/tasks/issue-47-v1-production-uct-030000-g0047/uct-30000-self-play-0047.trl,243ed4cd89ba4647aef9d1df5029db3bc7d08b3e0012ad33da3615290caf5bd3
uct-30000-self-play,30000,48,experiments/issue-47/results/production/tasks/issue-47-v1-production-uct-030000-g0048/uct-30000-self-play-0048.trl,46be0c570fa3aa03ec9d6999996f8705dfaca85a90084fb04852e09e35736b34
uct-30000-self-play,30000,49,experiments/issue-47/results/production/tasks/issue-47-v1-production-uct-030000-g0049/uct-30000-self-play-0049.trl,6234561f1805b10f0c47ad1ae3a85630167d68a6f0fdd1757011220aa48d40a8
uct-30000-self-play,30000,50,experiments/issue-47/results/production/tasks/issue-47-v1-production-uct-030000-g0050/uct-30000-self-play-0050.trl,79131506b21a2a5ff86e9f9f39dbee65788472938934ee34c48839b8712838c9
uct-30000-self-play,30000,51,experiments/issue-47/results/production/tasks/issue-47-v1-production-uct-030000-g0051/uct-30000-self-play-0051.trl,379d9d5942e6d979d1bfdc42d67fa061324ae450fd3d0363e897bf16c07d05c3
uct-30000-self-play,30000,52,experiments/issue-47/results/production/tasks/issue-47-v1-production-uct-030000-g0052/uct-30000-self-play-0052.trl,7c7d05114d06c8dec172472759e1bded8e47e8b7f2ee84d6d51303752d88ffcf
uct-30000-self-play,30000,53,experiments/issue-47/results/production/tasks/issue-47-v1-production-uct-030000-g0053/uct-30000-self-play-0053.trl,1463f36f801ce023a0b979e305a227b264b93c69b98528e44e63fbbe349701dd
uct-30000-self-play,30000,54,experiments/issue-47/results/production/tasks/issue-47-v1-production-uct-030000-g0054/uct-30000-self-play-0054.trl,ebebb803c72e795c207036f2c41b5e4bb08a15413b54443bcf924bba868c25f5
uct-30000-self-play,30000,55,experiments/issue-47/results/production/tasks/issue-47-v1-production-uct-030000-g0055/uct-30000-self-play-0055.trl,6220983bb58d2cf1dd5d46ff561d97b9666432f00f888b0a76732fd057537487
uct-30000-self-play,30000,56,experiments/issue-47/results/production/tasks/issue-47-v1-production-uct-030000-g0056/uct-30000-self-play-0056.trl,9a63e797678900f840f11ab29a3fc27ec44267be7c95935d4674769defc2b6bb
uct-30000-self-play,30000,57,experiments/issue-47/results/production/tasks/issue-47-v1-production-uct-030000-g0057/uct-30000-self-play-0057.trl,26bef6db299a81c3e05c132e1ce5c6776461ed356de986802bb14c51f0fdaa21
uct-30000-self-play,30000,58,experiments/issue-47/results/production/tasks/issue-47-v1-production-uct-030000-g0058/uct-30000-self-play-0058.trl,0d68a4bfc4244df3aa508ea5e9506c206906ff2b961ca9b0faa61aa12cdc1fb9
uct-30000-self-play,30000,59,experiments/issue-47/results/production/tasks/issue-47-v1-production-uct-030000-g0059/uct-30000-self-play-0059.trl,6c621a1d099eafbfe21bd4c0bfdb57b7749577afdb9c8aba9f913f88c54d77bb
uct-30000-self-play,30000,60,experiments/issue-47/results/production/tasks/issue-47-v1-production-uct-030000-g0060/uct-30000-self-play-0060.trl,1f3ceab89516ab1644247d6967b0a5c97073d630a36754c3c7ff6519fbf3038f
uct-30000-self-play,30000,61,experiments/issue-47/results/production/tasks/issue-47-v1-production-uct-030000-g0061/uct-30000-self-play-0061.trl,1fe6f1c99afb5274d2afbef446bc301af35828faf8d36588e0e4d8f3ea42cbc0
uct-30000-self-play,30000,62,experiments/issue-47/results/production/tasks/issue-47-v1-production-uct-030000-g0062/uct-30000-self-play-0062.trl,51c927774c8a8a65a06c5ccc7090d42c0f4b21e854fd1852fbbe26a20cd797bd
uct-30000-self-play,30000,63,experiments/issue-47/results/production/tasks/issue-47-v1-production-uct-030000-g0063/uct-30000-self-play-0063.trl,7544443c7b4bf667a8b949e94d65eb39645e6c409b121fb6054b6009c552133d
uct-30000-self-play,30000,64,experiments/issue-47/results/production/tasks/issue-47-v1-production-uct-030000-g0064/uct-30000-self-play-0064.trl,ddc4d6f836b217de4cbf41fd0370807f721173412c96a9c2a3c9c24bdc40139d
uct-30000-self-play,30000,65,experiments/issue-47/results/production/tasks/issue-47-v1-production-uct-030000-g0065/uct-30000-self-play-0065.trl,795f1d305966667d55f0801cf3c5be7600856adf7b1c1759c664efcfd4ef7976
uct-30000-self-play,30000,66,experiments/issue-47/results/production/tasks/issue-47-v1-production-uct-030000-g0066/uct-30000-self-play-0066.trl,aebfac2dc9f12e396c7f8cd02951aa7af8f30d005bf0ff778c08f4d2f5c3e164
uct-30000-self-play,30000,67,experiments/issue-47/results/production/tasks/issue-47-v1-production-uct-030000-g0067/uct-30000-self-play-0067.trl,f0dcddd6c3d969b1ff574cdfc0e6a899335a99a4c5b8d359368e4f8278093873
uct-30000-self-play,30000,68,experiments/issue-47/results/production/tasks/issue-47-v1-production-uct-030000-g0068/uct-30000-self-play-0068.trl,4dca781b5cb12a34646731e0d8d84ab403d11d231d12112520ad498af6f29a20
uct-30000-self-play,30000,69,experiments/issue-47/results/production/tasks/issue-47-v1-production-uct-030000-g0069/uct-30000-self-play-0069.trl,ddbc57cc4b771b25565b88b7351f94522265f4dc798391f5afc0c8764e8e6f52
uct-30000-self-play,30000,70,experiments/issue-47/results/production/tasks/issue-47-v1-production-uct-030000-g0070/uct-30000-self-play-0070.trl,16523f2d3ec31330281fd56600efdceafdb1fefb572d82c31b2b0ef69fff5c4f
uct-30000-self-play,30000,71,experiments/issue-47/results/production/tasks/issue-47-v1-production-uct-030000-g0071/uct-30000-self-play-0071.trl,288eaf275f6f661304f08e76f41f58a9cb80d0982324396c73b3e9f9104a531a
uct-30000-self-play,30000,72,experiments/issue-47/results/production/tasks/issue-47-v1-production-uct-030000-g0072/uct-30000-self-play-0072.trl,b241f442976245bdbd95f293a06a80c3088b34aa76411f303d1a306fdf580441
uct-30000-self-play,30000,73,experiments/issue-47/results/production/tasks/issue-47-v1-production-uct-030000-g0073/uct-30000-self-play-0073.trl,41818a09645ba5c6dea2e4562f6993b9d3aa463836de7b77b5f1ee5cd8915f41
uct-30000-self-play,30000,74,experiments/issue-47/results/production/tasks/issue-47-v1-production-uct-030000-g0074/uct-30000-self-play-0074.trl,01323476ee7f641d4dd709fe96328db92e640c525caee33e193f487d67e72790
uct-30000-self-play,30000,75,experiments/issue-47/results/production/tasks/issue-47-v1-production-uct-030000-g0075/uct-30000-self-play-0075.trl,4e568ad2e7d6d994be8896a8c86fa848879d10429ed567e568e02e09905539d0
uct-30000-self-play,30000,76,experiments/issue-47/results/production/tasks/issue-47-v1-production-uct-030000-g0076/uct-30000-self-play-0076.trl,d73a3e21f1de183330f36a33bca1c0a082e7130cfce51f742857be527421ff6d
uct-30000-self-play,30000,77,experiments/issue-47/results/production/tasks/issue-47-v1-production-uct-030000-g0077/uct-30000-self-play-0077.trl,573a357af5ece4984508ca71fac871e10d8b6af739da01d17008d5bded4f2f59
uct-30000-self-play,30000,78,experiments/issue-47/results/production/tasks/issue-47-v1-production-uct-030000-g0078/uct-30000-self-play-0078.trl,9a1dbec27be9278b8fd83754078e5093a445a47deca0cc5aa09b2b7a8ace026c
uct-30000-self-play,30000,79,experiments/issue-47/results/production/tasks/issue-47-v1-production-uct-030000-g0079/uct-30000-self-play-0079.trl,4d71912b87dcd5d4aafbc46d015a8de27e9776af276b3626a5ddd0dbefbec1a7
uct-30000-self-play,30000,80,experiments/issue-47/results/production/tasks/issue-47-v1-production-uct-030000-g0080/uct-30000-self-play-0080.trl,849cef5670cf0f0066b62c8ac939c580c68a4c6340eed85d8a1f1e7728db10ea
uct-30000-self-play,30000,81,experiments/issue-47/results/production/tasks/issue-47-v1-production-uct-030000-g0081/uct-30000-self-play-0081.trl,4064c30e495c9bc5e91fdc293f08b0fa0a7fdbe4bd64cec44b07f806fdfd07d2
uct-30000-self-play,30000,82,experiments/issue-47/results/production/tasks/issue-47-v1-production-uct-030000-g0082/uct-30000-self-play-0082.trl,7567d1742d8d824cf83698f840f9bf1bdf47e167579cea8e781a06d99fed9a83
uct-30000-self-play,30000,83,experiments/issue-47/results/production/tasks/issue-47-v1-production-uct-030000-g0083/uct-30000-self-play-0083.trl,33c279407e17646b3a7b4e1be4e325e24c023add2e59ba6595f82258f6802320
uct-30000-self-play,30000,84,experiments/issue-47/results/production/tasks/issue-47-v1-production-uct-030000-g0084/uct-30000-self-play-0084.trl,b36dffd8d9df7c334645be4f4f9a06aedfe7d08c7a15de0c1159bb9322317c72
uct-30000-self-play,30000,85,experiments/issue-47/results/production/tasks/issue-47-v1-production-uct-030000-g0085/uct-30000-self-play-0085.trl,c670a72e94b2ece206a54d76335587df764f3266b45a621e6e16d2d080f0feb5
uct-30000-self-play,30000,86,experiments/issue-47/results/production/tasks/issue-47-v1-production-uct-030000-g0086/uct-30000-self-play-0086.trl,7dc116796e033ef5a535558fd2ecc30513eeeb97b0ae57adef2d7cb8b2862146
uct-30000-self-play,30000,87,experiments/issue-47/results/production/tasks/issue-47-v1-production-uct-030000-g0087/uct-30000-self-play-0087.trl,195fa4611936c3bdab1bcb827774721a26d1a58378e867fcc831d2dcefe45287
uct-30000-self-play,30000,88,experiments/issue-47/results/production/tasks/issue-47-v1-production-uct-030000-g0088/uct-30000-self-play-0088.trl,b03ca0cf0790f97ad9da4dc968b03fd840d780d5b94205ed116e8b5d50a916df
uct-30000-self-play,30000,89,experiments/issue-47/results/production/tasks/issue-47-v1-production-uct-030000-g0089/uct-30000-self-play-0089.trl,a79a45abf7c940cf638e698244451103e753a4a218809a63bec3aed5acbca737
uct-30000-self-play,30000,90,experiments/issue-47/results/production/tasks/issue-47-v1-production-uct-030000-g0090/uct-30000-self-play-0090.trl,32637f39f4efd2e5c74595cba81136ad74bd1a94b35c6ba799f234aa3ea4ad4f
uct-30000-self-play,30000,91,experiments/issue-47/results/production/tasks/issue-47-v1-production-uct-030000-g0091/uct-30000-self-play-0091.trl,3a29107ad36950d4a5274ccce2b63bf9335d52bfd57890d8903ea92a0bcefd49
uct-30000-self-play,30000,92,experiments/issue-47/results/production/tasks/issue-47-v1-production-uct-030000-g0092/uct-30000-self-play-0092.trl,d4e5ae48ef9168ae8eb9e65491dc13b0e3c8776824054d2749492b625d72b030
uct-30000-self-play,30000,93,experiments/issue-47/results/production/tasks/issue-47-v1-production-uct-030000-g0093/uct-30000-self-play-0093.trl,6316af896a626915a445c6525f3f1a99ecd8607ae7b7ca0b8919e2f085421f80
uct-30000-self-play,30000,94,experiments/issue-47/results/production/tasks/issue-47-v1-production-uct-030000-g0094/uct-30000-self-play-0094.trl,9306a629b9161ce07d83ce80a1f742fe7340063448b71aaeb894ba586ef3fa48
uct-30000-self-play,30000,95,experiments/issue-47/results/production/tasks/issue-47-v1-production-uct-030000-g0095/uct-30000-self-play-0095.trl,03b5188496fef055e40cfba216d8beeb4f20086521cc99faa7f4e9e6697271ee
uct-30000-self-play,30000,96,experiments/issue-47/results/production/tasks/issue-47-v1-production-uct-030000-g0096/uct-30000-self-play-0096.trl,5808b87948514f3409db69de3e561df4a47b4b699df137c04d187d3c391cd60f
uct-30000-self-play,30000,97,experiments/issue-47/results/production/tasks/issue-47-v1-production-uct-030000-g0097/uct-30000-self-play-0097.trl,342394de6d369f86400696fe8169135b9fd9ae72095bb31725172b4497d03b12
uct-30000-self-play,30000,98,experiments/issue-47/results/production/tasks/issue-47-v1-production-uct-030000-g0098/uct-30000-self-play-0098.trl,424b3f4ce0887136f0d9675757e4ee3a787d702781db2933a25f15ecf7641961
uct-30000-self-play,30000,99,experiments/issue-47/results/production/tasks/issue-47-v1-production-uct-030000-g0099/uct-30000-self-play-0099.trl,e6c4f29caafc4232c26baaa46aab233c5d908fce614aa6df5260cf6d773d127e
uct-30000-self-play,30000,100,experiments/issue-47/results/production/tasks/issue-47-v1-production-uct-030000-g0100/uct-30000-self-play-0100.trl,f0a1b8a132ab0b5462716efbea0328b110941532950dcff25622d2aaeebc371f
uct-100000-self-play,100000,1,experiments/issue-47/results/production/tasks/issue-47-v1-production-uct-100000-g0001/uct-100000-self-play-0001.trl,b5692838b9c6847223d16969ea446ea671b43093862400f8d20baec58870a524
uct-100000-self-play,100000,2,experiments/issue-47/results/production/tasks/issue-47-v1-production-uct-100000-g0002/uct-100000-self-play-0002.trl,2fa097b8ac7c2610efbad977b9d1129d0fc1f9cf395f11871a409910f2302b40
uct-100000-self-play,100000,3,experiments/issue-47/results/production/tasks/issue-47-v1-production-uct-100000-g0003/uct-100000-self-play-0003.trl,8ebb7afd3c10dc57fd43b03c6c9042c6cb47cdcc1929070a6ca2ef99ee2f76c2
uct-100000-self-play,100000,4,experiments/issue-47/results/production/tasks/issue-47-v1-production-uct-100000-g0004/uct-100000-self-play-0004.trl,7c9de7f7d0565d0b935e6da4c0206c5ca7f80a5a6bd29bd84e7e4f1a7507881a
uct-100000-self-play,100000,5,experiments/issue-47/results/production/tasks/issue-47-v1-production-uct-100000-g0005/uct-100000-self-play-0005.trl,0987659b5c9c59d46d32c5cfd702c4db8622cbdafcc4067f9e003413c60d8636
uct-100000-self-play,100000,6,experiments/issue-47/results/production/tasks/issue-47-v1-production-uct-100000-g0006/uct-100000-self-play-0006.trl,163ecd3b59a1a5a40e463de724b767ebff1cf1cd0cf786fd15d9518eafef3cd9
uct-100000-self-play,100000,7,experiments/issue-47/results/production/tasks/issue-47-v1-production-uct-100000-g0007/uct-100000-self-play-0007.trl,ceee40147a30066ed3f344b15ba66ba016eb3c1c338a74848b6797b592259496
uct-100000-self-play,100000,8,experiments/issue-47/results/production/tasks/issue-47-v1-production-uct-100000-g0008/uct-100000-self-play-0008.trl,fe707dfdd7731e93face8df04a2e95489f2775c97cc94edf2e2966771d5dcebb
uct-100000-self-play,100000,9,experiments/issue-47/results/production/tasks/issue-47-v1-production-uct-100000-g0009/uct-100000-self-play-0009.trl,aee525b8cde894736777964b4f391e08be9f1cbb345e6e322cc4856dbfd42d49
uct-100000-self-play,100000,10,experiments/issue-47/results/production/tasks/issue-47-v1-production-uct-100000-g0010/uct-100000-self-play-0010.trl,fb1357b6dedebb0fb30c68f76c30ff61cde5c65dd135c1ad8e614685f7ca4f77
uct-100000-self-play,100000,11,experiments/issue-47/results/production/tasks/issue-47-v1-production-uct-100000-g0011/uct-100000-self-play-0011.trl,d583303dd139346f6f1a8b3da3cbd76a3eedda7fbe4aec6f19b2bb448a5bbea2
uct-100000-self-play,100000,12,experiments/issue-47/results/production/tasks/issue-47-v1-production-uct-100000-g0012/uct-100000-self-play-0012.trl,15a7d39ed2adbfaeeabbb34f5b4d54bc5b0d1b2b19502857f3a83c1d09201afc
uct-100000-self-play,100000,13,experiments/issue-47/results/production/tasks/issue-47-v1-production-uct-100000-g0013/uct-100000-self-play-0013.trl,b7de9e9ce18c72ad7c17b08bd43bdd031e71d55f6e0dbeb9006a5d59aca7607f
uct-100000-self-play,100000,14,experiments/issue-47/results/production/tasks/issue-47-v1-production-uct-100000-g0014/uct-100000-self-play-0014.trl,9e6821364fe8674e81680a379d0a4f6f3e79827f3b9984317ba02499a0763cda
uct-100000-self-play,100000,15,experiments/issue-47/results/production/tasks/issue-47-v1-production-uct-100000-g0015/uct-100000-self-play-0015.trl,ad70f37e9dd987ab121068049942b3e9ca0ca73296d55feec56b07b332e5ec48
uct-100000-self-play,100000,16,experiments/issue-47/results/production/tasks/issue-47-v1-production-uct-100000-g0016/uct-100000-self-play-0016.trl,9e544e66ebfaadb6b79cc3b244e66a1fe9cc13f0caa0f1b3ba515082b3c64317
uct-100000-self-play,100000,17,experiments/issue-47/results/production/tasks/issue-47-v1-production-uct-100000-g0017/uct-100000-self-play-0017.trl,360259c5ff05cb070f7c90c7ee131c4fd191dd3f6f88acc7ac002bb6ae4dc814
uct-100000-self-play,100000,18,experiments/issue-47/results/production/tasks/issue-47-v1-production-uct-100000-g0018/uct-100000-self-play-0018.trl,9f06b54ee77b288e3b0f443f55c8178da1614f61cc1d493b3e4a9eec0fbc4001
uct-100000-self-play,100000,19,experiments/issue-47/results/production/tasks/issue-47-v1-production-uct-100000-g0019/uct-100000-self-play-0019.trl,da9a97a58b5f4cef75f9d65068663041b3be24b7ec6d95a561a234022d931a33
uct-100000-self-play,100000,20,experiments/issue-47/results/production/tasks/issue-47-v1-production-uct-100000-g0020/uct-100000-self-play-0020.trl,afd4dbd5ca796ae86e8c69c848125e0cafe68d1f015bf3b9170d2fd487c6d330
uct-100000-self-play,100000,21,experiments/issue-47/results/production/tasks/issue-47-v1-production-uct-100000-g0021/uct-100000-self-play-0021.trl,e432c233f254936e5ab43c1dd8382af416edb58e1f18fc0a4d92d618d1c9e93d
uct-100000-self-play,100000,22,experiments/issue-47/results/production/tasks/issue-47-v1-production-uct-100000-g0022/uct-100000-self-play-0022.trl,f97d76ed3bcfbef1d190e89a08ace6f53c0e5b1631e9630d431db060e4084c63
uct-100000-self-play,100000,23,experiments/issue-47/results/production/tasks/issue-47-v1-production-uct-100000-g0023/uct-100000-self-play-0023.trl,2f500eeaa786cd2715fca233225b3b8ed45553a9812c5f8fe5cbc678182ecf18
uct-100000-self-play,100000,24,experiments/issue-47/results/production/tasks/issue-47-v1-production-uct-100000-g0024/uct-100000-self-play-0024.trl,1ff6678f5f6d1fe8720fcc9293b30e8507dd660be9bdd642cd0a8cb715f443e9
uct-100000-self-play,100000,25,experiments/issue-47/results/production/tasks/issue-47-v1-production-uct-100000-g0025/uct-100000-self-play-0025.trl,bf89908c07463f2004aa7231a4ba36615ef755520f470bf597c8390866891e3a
uct-100000-self-play,100000,26,experiments/issue-47/results/production/tasks/issue-47-v1-production-uct-100000-g0026/uct-100000-self-play-0026.trl,94cd2e1dc1230db07eedcbedbbacfa6ab3fa3b9ceaed70599701261cfa999b4f
uct-100000-self-play,100000,27,experiments/issue-47/results/production/tasks/issue-47-v1-production-uct-100000-g0027/uct-100000-self-play-0027.trl,a76e9be4d78bf98955712edb8b2a39b14917eeb87e819e736a6386fb324984e4
uct-100000-self-play,100000,28,experiments/issue-47/results/production/tasks/issue-47-v1-production-uct-100000-g0028/uct-100000-self-play-0028.trl,dc2384b2c348fb12f9f4742bcd007673581afebd3e4790eb3516b670ceb8ef38
uct-100000-self-play,100000,29,experiments/issue-47/results/production/tasks/issue-47-v1-production-uct-100000-g0029/uct-100000-self-play-0029.trl,46f4d9481a1e30139c1d990648fec590570a7ef0735f62f2308838f232d511f7
uct-100000-self-play,100000,30,experiments/issue-47/results/production/tasks/issue-47-v1-production-uct-100000-g0030/uct-100000-self-play-0030.trl,42436d169167ee46c17167f16054154dbc6ebc67038de812fb48522e1e184099
uct-100000-self-play,100000,31,experiments/issue-47/results/production/tasks/issue-47-v1-production-uct-100000-g0031/uct-100000-self-play-0031.trl,d377f48143170d851b39d30e3588b226210fac9990a8723a90915a59a7ccb4fe
uct-100000-self-play,100000,32,experiments/issue-47/results/production/tasks/issue-47-v1-production-uct-100000-g0032/uct-100000-self-play-0032.trl,859e648f10ae1df5eacd1f62824ac56cce8f35cda5b6d3b9a7ccdd5d7c377906
uct-100000-self-play,100000,33,experiments/issue-47/results/production/tasks/issue-47-v1-production-uct-100000-g0033/uct-100000-self-play-0033.trl,6f619f66c5d8e32f0a3f74f03300cb7ef5619b0f51926befbfea97a800656a86
uct-100000-self-play,100000,34,experiments/issue-47/results/production/tasks/issue-47-v1-production-uct-100000-g0034/uct-100000-self-play-0034.trl,a34b227230123feb7ec104f6eb6cfae3eaeb1e60c377adec7dc0b6b5c30ecf36
uct-100000-self-play,100000,35,experiments/issue-47/results/production/tasks/issue-47-v1-production-uct-100000-g0035/uct-100000-self-play-0035.trl,c3c42752ea456ef11ad20e2e81590268db3309aac46ab3e26d7b8ea3104b8cb6
uct-100000-self-play,100000,36,experiments/issue-47/results/production/tasks/issue-47-v1-production-uct-100000-g0036/uct-100000-self-play-0036.trl,bd5823138679e1859e4a6d086374a09180af597fa8070e45511d391bff120b92
uct-100000-self-play,100000,37,experiments/issue-47/results/production/tasks/issue-47-v1-production-uct-100000-g0037/uct-100000-self-play-0037.trl,e4a601b113018c3836a2f496aa684e1c7b9acb5c8198a7a5597b78cfef5f199d
uct-100000-self-play,100000,38,experiments/issue-47/results/production/tasks/issue-47-v1-production-uct-100000-g0038/uct-100000-self-play-0038.trl,73dde2160d0f289421fc2c218939a4a8aa06959af8cc5ff6614bb31c450dbc09
uct-100000-self-play,100000,39,experiments/issue-47/results/production/tasks/issue-47-v1-production-uct-100000-g0039/uct-100000-self-play-0039.trl,442d5cd1ca949ce2a7806c73da8dcf7d4f6276b951748dcdf40358b74b4502c4
uct-100000-self-play,100000,40,experiments/issue-47/results/production/tasks/issue-47-v1-production-uct-100000-g0040/uct-100000-self-play-0040.trl,66624e9eae726e1736e8e63a08f6ee56965eb82cc39bfba007d858f754d758c7
uct-100000-self-play,100000,41,experiments/issue-47/results/production/tasks/issue-47-v1-production-uct-100000-g0041/uct-100000-self-play-0041.trl,a8537776a33b5c7658896d4b8417365810d16b266080dd9b3b6bb48184f91137
uct-100000-self-play,100000,42,experiments/issue-47/results/production/tasks/issue-47-v1-production-uct-100000-g0042/uct-100000-self-play-0042.trl,b1ac18c65c7613e5604316a6f186ed4e5dbbd5f498dca0226cb083e672245e6d
uct-100000-self-play,100000,43,experiments/issue-47/results/production/tasks/issue-47-v1-production-uct-100000-g0043/uct-100000-self-play-0043.trl,a591e22fc9125db70244ca2538a1bca38fa752b04e44a20ef51be6c50e05925d
uct-100000-self-play,100000,44,experiments/issue-47/results/production/tasks/issue-47-v1-production-uct-100000-g0044/uct-100000-self-play-0044.trl,8089bb02c93aee4a4ddffedc751b03722fccd09dfc761bf3741dcc2b7f51b9b6
uct-100000-self-play,100000,45,experiments/issue-47/results/production/tasks/issue-47-v1-production-uct-100000-g0045/uct-100000-self-play-0045.trl,8d8b048747774f82c06442a2bd8f950d390bdd47587600d22cc060271dbcc06e
uct-100000-self-play,100000,46,experiments/issue-47/results/production/tasks/issue-47-v1-production-uct-100000-g0046/uct-100000-self-play-0046.trl,05745cbafe887f96003031ddd1fc4269bf09ff65657d3ca24840be50d34d5cea
uct-100000-self-play,100000,47,experiments/issue-47/results/production/tasks/issue-47-v1-production-uct-100000-g0047/uct-100000-self-play-0047.trl,4553dffe890c27ddac804165fa6dd0e87af6c20f3387d799dae4c937260563fb
uct-100000-self-play,100000,48,experiments/issue-47/results/production/tasks/issue-47-v1-production-uct-100000-g0048/uct-100000-self-play-0048.trl,6829a33b6f959e2859ecda69d4eb7abd58470ff7bce36ab601d479ffc644949a
uct-100000-self-play,100000,49,experiments/issue-47/results/production/tasks/issue-47-v1-production-uct-100000-g0049/uct-100000-self-play-0049.trl,6d348cb606fd491d7347455f48bdb5ed50f0a6e19a2df09e8415f883a5c6a79e
uct-100000-self-play,100000,50,experiments/issue-47/results/production/tasks/issue-47-v1-production-uct-100000-g0050/uct-100000-self-play-0050.trl,3b046521bee26fef1031042cf42f84bd199ab9512a246600f7eef12e732624aa
uct-100000-self-play,100000,51,experiments/issue-47/results/production/tasks/issue-47-v1-production-uct-100000-g0051/uct-100000-self-play-0051.trl,e52e48870a7e30dbc302e23bb7f8882ef398fd7019228dfedba0e1c31e76839b
uct-100000-self-play,100000,52,experiments/issue-47/results/production/tasks/issue-47-v1-production-uct-100000-g0052/uct-100000-self-play-0052.trl,7bb38e92ad13d257dc02d617ffba47d917a8dcad74c360db170c6f223e6ba59f
uct-100000-self-play,100000,53,experiments/issue-47/results/production/tasks/issue-47-v1-production-uct-100000-g0053/uct-100000-self-play-0053.trl,c2695d569d3971bd84657685c445c6c1980da263c5d08a8fbf41795076e61fd1
uct-100000-self-play,100000,54,experiments/issue-47/results/production/tasks/issue-47-v1-production-uct-100000-g0054/uct-100000-self-play-0054.trl,e393fe8e1b20538bc3c6bd2ae0db97493b262688b540f392b8b4497856b46144
uct-100000-self-play,100000,55,experiments/issue-47/results/production/tasks/issue-47-v1-production-uct-100000-g0055/uct-100000-self-play-0055.trl,e5b0f4c81f1a57c2b069ce7b65b11f18e31e2d7c4b78db65a1c8c2cb99806531
uct-100000-self-play,100000,56,experiments/issue-47/results/production/tasks/issue-47-v1-production-uct-100000-g0056/uct-100000-self-play-0056.trl,37a27489a26e83d8c73f06834953c5d1ecc2566af793025edee4fa62268b77df
uct-100000-self-play,100000,57,experiments/issue-47/results/production/tasks/issue-47-v1-production-uct-100000-g0057/uct-100000-self-play-0057.trl,8380b45a55061d778b80e1daffe50f2e93ef9e0488d7a97cddbf222d204e49ba
uct-100000-self-play,100000,58,experiments/issue-47/results/production/tasks/issue-47-v1-production-uct-100000-g0058/uct-100000-self-play-0058.trl,b9899b1708a0719ca56af9d6a38174f8a485050f37c782b1a75068085f5dca73
uct-100000-self-play,100000,59,experiments/issue-47/results/production/tasks/issue-47-v1-production-uct-100000-g0059/uct-100000-self-play-0059.trl,9911f1fa32ec34e59f18e8eab4597489d8069a68f4e09c90512b5d5d031e1028
uct-100000-self-play,100000,60,experiments/issue-47/results/production/tasks/issue-47-v1-production-uct-100000-g0060/uct-100000-self-play-0060.trl,d755284b36c622bdd7a83da5003e4dd6ca6de4473ec8f44b89129a26599dc672
uct-100000-self-play,100000,62,experiments/issue-47/results/production/tasks/issue-47-v1-production-uct-100000-g0062/uct-100000-self-play-0062.trl,e786bd7d38faaea41a83b6a92d76e3f58edbd4824bea2a170486a540647de5aa
uct-100000-self-play,100000,63,experiments/issue-47/results/production/tasks/issue-47-v1-production-uct-100000-g0063/uct-100000-self-play-0063.trl,67d28d56dafe7099c1e8110451a3b0b43b62b2e2e51085502d1b9f92608ebc23
uct-100000-self-play,100000,64,experiments/issue-47/results/production/tasks/issue-47-v1-production-uct-100000-g0064/uct-100000-self-play-0064.trl,f82eede79a4ab5c7e792cae9630d4864381c6be3c90da083488608565133de21
uct-100000-self-play,100000,65,experiments/issue-47/results/production/tasks/issue-47-v1-production-uct-100000-g0065/uct-100000-self-play-0065.trl,ee3214c8c9b41accf08b78c5450d25418b3b118fa5cc10eea451249f5dac8f6d
uct-100000-self-play,100000,66,experiments/issue-47/results/production/tasks/issue-47-v1-production-uct-100000-g0066/uct-100000-self-play-0066.trl,ae4e2e2fa9a167ce941227114f415289af3df8dad24006656b396e16ab84fd8a
uct-100000-self-play,100000,67,experiments/issue-47/results/production/tasks/issue-47-v1-production-uct-100000-g0067/uct-100000-self-play-0067.trl,2f9f9164cabef03793b29f51245449121241960e49aa57c7a9bab83ecde1f658
uct-100000-self-play,100000,68,experiments/issue-47/results/production/tasks/issue-47-v1-production-uct-100000-g0068/uct-100000-self-play-0068.trl,705285f9b4b08bbf498b33e086a1623f5804cec78a76ae581f58d4b8c25647a6
uct-100000-self-play,100000,69,experiments/issue-47/results/production/tasks/issue-47-v1-production-uct-100000-g0069/uct-100000-self-play-0069.trl,11adc993cafe1189667980e8f8f3e9285968f60b6c0586ee60325bf99c9df9d4
uct-100000-self-play,100000,70,experiments/issue-47/results/production/tasks/issue-47-v1-production-uct-100000-g0070/uct-100000-self-play-0070.trl,d704a6b3f32411b19d79d9a86375aa65833675f597b5e6da4a04692c57d4c513
uct-100000-self-play,100000,71,experiments/issue-47/results/production/tasks/issue-47-v1-production-uct-100000-g0071/uct-100000-self-play-0071.trl,ad0dab5c06042b811c4573e5878cd4de20eed28216a23924e97d6e5307960364
uct-100000-self-play,100000,72,experiments/issue-47/results/production/tasks/issue-47-v1-production-uct-100000-g0072/uct-100000-self-play-0072.trl,bef6fe50161c89f0b7d720e73e7e632f7a7556410178bc4de3f24caee9771f91
uct-100000-self-play,100000,73,experiments/issue-47/results/production/tasks/issue-47-v1-production-uct-100000-g0073/uct-100000-self-play-0073.trl,6d3ff45a40c4ce9f4c235bc35945ba47bf084a8558710ae54b08a074a23af238
uct-100000-self-play,100000,74,experiments/issue-47/results/production/tasks/issue-47-v1-production-uct-100000-g0074/uct-100000-self-play-0074.trl,b1193398791ab545224398bf0b6b5b3eb05c65145ba7456341ac1e8ad10d5449
uct-100000-self-play,100000,75,experiments/issue-47/results/production/tasks/issue-47-v1-production-uct-100000-g0075/uct-100000-self-play-0075.trl,260c8ba778651de6761fbecc64873acf9530acd7f8f0775c7b6275aa8f1a2bd6
uct-100000-self-play,100000,76,experiments/issue-47/results/production/tasks/issue-47-v1-production-uct-100000-g0076/uct-100000-self-play-0076.trl,41bde9167ccd4448adc14c9be9b645ead968772ed2edca664e8644cc967ac328
uct-100000-self-play,100000,77,experiments/issue-47/results/production/tasks/issue-47-v1-production-uct-100000-g0077/uct-100000-self-play-0077.trl,e02b4c353a775328941508dc8ce4ad9f3652383fca35218ba5a9a2f08da5c7aa
uct-100000-self-play,100000,79,experiments/issue-47/results/production/tasks/issue-47-v1-production-uct-100000-g0079/uct-100000-self-play-0079.trl,0e7a9b721c2abf5cf464e615f3a2a3fc2d7f91e8198e66a2a231263bee802766
uct-100000-self-play,100000,80,experiments/issue-47/results/production/tasks/issue-47-v1-production-uct-100000-g0080/uct-100000-self-play-0080.trl,7b8df0d1b59d71b9c1e0b6aabe51329c656c04eaec7900ac01c06212f8fba752
uct-100000-self-play,100000,81,experiments/issue-47/results/production/tasks/issue-47-v1-production-uct-100000-g0081/uct-100000-self-play-0081.trl,426e3d20d3e221843e7316b20fa8c5887ac6bbd2a3e94219e835e9e5be390933
uct-100000-self-play,100000,82,experiments/issue-47/results/production/tasks/issue-47-v1-production-uct-100000-g0082/uct-100000-self-play-0082.trl,6d422e76e85f0f348b3eaa5e1b9353c52093488ba0192714f49a009502132dbe
uct-100000-self-play,100000,83,experiments/issue-47/results/production/tasks/issue-47-v1-production-uct-100000-g0083/uct-100000-self-play-0083.trl,2bff9e5e669d668ff21c570a91e610f284c4d81b56d03e004f5a87baf421de6f
uct-100000-self-play,100000,84,experiments/issue-47/results/production/tasks/issue-47-v1-production-uct-100000-g0084/uct-100000-self-play-0084.trl,7a883cd49ddfca1b1b0978ccbdd13446b8c7943565f51ca6191d1be05f7277b5
uct-100000-self-play,100000,85,experiments/issue-47/results/production/tasks/issue-47-v1-production-uct-100000-g0085/uct-100000-self-play-0085.trl,453dc04812d9c47a9350a8e53a4e410b2a98724344d966be7f834c5dcdd84441
uct-100000-self-play,100000,86,experiments/issue-47/results/production/tasks/issue-47-v1-production-uct-100000-g0086/uct-100000-self-play-0086.trl,1a73035e2dea36ae540b9322be7a03a2c3e12573e6e7cbb23994fb13c940a001
uct-100000-self-play,100000,87,experiments/issue-47/results/production/tasks/issue-47-v1-production-uct-100000-g0087/uct-100000-self-play-0087.trl,7fa37b9ae626b94ca335e793e6a3957eb586b6d6382c0758d240c8069278c44a
uct-100000-self-play,100000,88,experiments/issue-47/results/production/tasks/issue-47-v1-production-uct-100000-g0088/uct-100000-self-play-0088.trl,5998a8f778dfc3cfffaffd1b904205953799c62781c5a72991d0f4b06edba6ec
uct-100000-self-play,100000,89,experiments/issue-47/results/production/tasks/issue-47-v1-production-uct-100000-g0089/uct-100000-self-play-0089.trl,1878a54c06fd0c8ee977565e234f139acd4572ed5ef59054af79ee65ca3b51a4
uct-100000-self-play,100000,90,experiments/issue-47/results/production/tasks/issue-47-v1-production-uct-100000-g0090/uct-100000-self-play-0090.trl,94d18fcdb979bbe3709fa983c7182d7b7a7959356c1c65f5a5713a55157e44a6
uct-100000-self-play,100000,91,experiments/issue-47/results/production/tasks/issue-47-v1-production-uct-100000-g0091/uct-100000-self-play-0091.trl,548aa515fc9f0f3f4112eee9d34cec60211d733ecc30eb7d7ef8ede53a2b7fb9
uct-100000-self-play,100000,92,experiments/issue-47/results/production/tasks/issue-47-v1-production-uct-100000-g0092/uct-100000-self-play-0092.trl,be43cf83ced44cb4e547998e851439c0d63bf607b2ba81bcd5c6f84a64d942ae
uct-100000-self-play,100000,94,experiments/issue-47/results/production/tasks/issue-47-v1-production-uct-100000-g0094/uct-100000-self-play-0094.trl,863ddc2a9cfdbfe1a57a4fc6c0a6b07265ee2ab2d71edafdd60cb45ebfd7f973
uct-100000-self-play,100000,95,experiments/issue-47/results/production/tasks/issue-47-v1-production-uct-100000-g0095/uct-100000-self-play-0095.trl,3b6d5e520a1fbdc261f8915f1e35eebeb5857505819caee4b117e1d7bbd7b642
uct-100000-self-play,100000,96,experiments/issue-47/results/production/tasks/issue-47-v1-production-uct-100000-g0096/uct-100000-self-play-0096.trl,cce8a6b332146f97683253966d5e5ebf964022a8134819e081df8e174c22f387
uct-100000-self-play,100000,97,experiments/issue-47/results/production/tasks/issue-47-v1-production-uct-100000-g0097/uct-100000-self-play-0097.trl,a1be8c59434248d0595e104cf82035516f8d63125a22449c59ecbe19088b7a70
uct-100000-self-play,100000,98,experiments/issue-47/results/production/tasks/issue-47-v1-production-uct-100000-g0098/uct-100000-self-play-0098.trl,63eb5858fa2c4f2d16881e13a68a871d5950db8e436dfc74344755409eb8d956
uct-100000-self-play,100000,99,experiments/issue-47/results/production/tasks/issue-47-v1-production-uct-100000-g0099/uct-100000-self-play-0099.trl,eb360124f0e13f8b77d251f93eb2703745fde96eedfb79346920f255a9540182
uct-100000-self-play,100000,100,experiments/issue-47/results/production/tasks/issue-47-v1-production-uct-100000-g0100/uct-100000-self-play-0100.trl,5289707546cfb03e6127cac0b096b98a51231127f6d6ff14817b7b41d63abedb
