checkpoint_turn,feature,uct_10000_standardized_mean_difference,uct_3000_standardized_mean_difference,direction_agreement,uct_10000_direction,uct_3000_direction
8,S12_leader_relative_state,-0.265188,-0.193279,1,lower_in_reversal,lower_in_reversal
8,S13_leader_relative_state,-0.37102,0.07136,0,lower_in_reversal,higher_in_reversal
8,S21_leader_relative_state,0.402065,-0.305012,0,higher_in_reversal,lower_in_reversal
8,S22_leader_relative_state,0.236893,0.211324,1,higher_in_reversal,higher_in_reversal
8,S23_leader_relative_state,-0.004401,0.006843,0,lower_in_reversal,higher_in_reversal
8,contested_supply_count,-0.402732,0.049162,0,lower_in_reversal,higher_in_reversal
8,decisive_layer_advantage_objectives,-0.092663,-0.295556,1,lower_in_reversal,lower_in_reversal
8,decisive_layer_objective_pieces,-0.236636,0.310604,0,lower_in_reversal,higher_in_reversal
8,decisive_layer_secured_objectives,0.263738,0.089514,1,higher_in_reversal,higher_in_reversal
8,decisive_margin,0.226294,-0.288985,0,higher_in_reversal,lower_in_reversal
8,leader_advantage_objective_margin,-0.01844,-0.204061,1,lower_in_reversal,lower_in_reversal
8,leader_advantage_objectives,0.356253,-0.080576,0,higher_in_reversal,lower_in_reversal
8,leader_cumulative_objective_placements,0.347164,-0.033274,0,higher_in_reversal,lower_in_reversal
8,leader_cumulative_objective_share,0.347164,-0.033274,0,higher_in_reversal,lower_in_reversal
8,leader_cumulative_objective_share_margin,0.244489,-0.064635,0,higher_in_reversal,lower_in_reversal
8,leader_cumulative_supply_placements,-0.347164,0.033274,0,lower_in_reversal,higher_in_reversal
8,leader_cumulative_supply_source_usage,0.347164,-0.033274,0,higher_in_reversal,lower_in_reversal
8,leader_cumulative_supply_source_usage_margin,0.244489,-0.064635,0,higher_in_reversal,lower_in_reversal
8,leader_objective_piece_margin,0.244489,-0.064635,0,higher_in_reversal,lower_in_reversal
8,leader_objective_pieces,0.347164,-0.033274,0,higher_in_reversal,lower_in_reversal
8,leader_primary_important_control_margin,0.165257,-0.131352,0,higher_in_reversal,lower_in_reversal
8,leader_primary_important_sites_controlled,0.151974,-0.159917,0,higher_in_reversal,lower_in_reversal
8,leader_recent_2_all_objective_turn_margin,0.146643,-0.05052,0,higher_in_reversal,lower_in_reversal
8,leader_recent_2_all_supply_turn_margin,-0.499976,0.306558,0,lower_in_reversal,higher_in_reversal
8,leader_recent_2_important_site_usage,0.286384,-0.107383,0,higher_in_reversal,lower_in_reversal
8,leader_recent_2_important_site_usage_margin,0.295264,-0.220767,0,higher_in_reversal,lower_in_reversal
8,leader_recent_2_mixed_turn_margin,0.348707,-0.092492,0,higher_in_reversal,lower_in_reversal
8,leader_recent_2_objective_placements,0.521228,-0.236576,0,higher_in_reversal,lower_in_reversal
8,leader_recent_2_objective_share_margin,0.520091,-0.292403,0,higher_in_reversal,lower_in_reversal
8,leader_recent_2_supply_placements,-0.521228,0.236576,0,lower_in_reversal,higher_in_reversal
8,leader_recent_2_supply_source_usage_margin,0.520091,-0.292403,0,higher_in_reversal,lower_in_reversal
8,leader_recent_4_all_objective_turn_margin,0.105703,-0.139009,0,higher_in_reversal,lower_in_reversal
8,leader_recent_4_all_supply_turn_margin,-0.398261,0.408058,0,lower_in_reversal,higher_in_reversal
8,leader_recent_4_important_site_usage,0.306741,-0.06455,0,higher_in_reversal,lower_in_reversal
8,leader_recent_4_important_site_usage_margin,0.219319,-0.137072,0,higher_in_reversal,lower_in_reversal
8,leader_recent_4_mixed_turn_margin,0.297379,-0.093399,0,higher_in_reversal,lower_in_reversal
8,leader_recent_4_objective_allocation_change_margin,0.344088,-0.210037,0,higher_in_reversal,lower_in_reversal
8,leader_recent_4_objective_placement_margin,0.246537,-0.210436,0,higher_in_reversal,lower_in_reversal
8,leader_recent_4_objective_placements,0.342134,-0.201852,0,higher_in_reversal,lower_in_reversal
8,leader_recent_4_objective_share_margin,0.246537,-0.210436,0,higher_in_reversal,lower_in_reversal
8,leader_recent_4_supply_allocation_change,-0.378245,0.131984,0,lower_in_reversal,higher_in_reversal
8,leader_recent_4_supply_allocation_change_margin,-0.344088,0.210037,0,lower_in_reversal,higher_in_reversal
8,leader_recent_4_supply_placements,-0.342134,0.201852,0,lower_in_reversal,higher_in_reversal
8,leader_recent_4_supply_source_usage_margin,0.246537,-0.210436,0,higher_in_reversal,lower_in_reversal
8,leader_secured_objective_margin,0.263738,0.093767,1,higher_in_reversal,higher_in_reversal
8,leader_secured_objectives,0.164282,-0.041168,0,higher_in_reversal,lower_in_reversal
8,leader_secured_supply,-0.458848,-0.151507,1,lower_in_reversal,lower_in_reversal
8,leader_secured_supply_margin,-0.638267,-0.245465,1,lower_in_reversal,lower_in_reversal
8,leader_trend_2_advantage_objective_margin,-0.226874,-0.173701,1,lower_in_reversal,lower_in_reversal
8,leader_trend_2_important_control_margin,0.229591,0.034241,1,higher_in_reversal,higher_in_reversal
8,leader_trend_2_objective_piece_margin,0.520091,-0.292403,0,higher_in_reversal,lower_in_reversal
8,leader_trend_2_secured_objective_margin,0.513636,-0.071051,0,higher_in_reversal,lower_in_reversal
8,leader_trend_2_secured_supply_margin,-0.580092,-0.16098,1,lower_in_reversal,lower_in_reversal
8,leader_trend_2_support_edge_margin,-0.394287,0.372842,0,lower_in_reversal,higher_in_reversal
8,leader_trend_2_unsecured_control_margin,0.206284,0.3508,1,higher_in_reversal,higher_in_reversal
8,leader_trend_2_usable_support_edges,-0.411759,0.108265,0,lower_in_reversal,higher_in_reversal
8,leader_trend_4_advantage_objective_margin,-0.084961,-0.253393,1,lower_in_reversal,lower_in_reversal
8,leader_trend_4_important_control_margin,0.048702,0.117053,1,higher_in_reversal,higher_in_reversal
8,leader_trend_4_objective_piece_margin,0.246537,-0.210436,0,higher_in_reversal,lower_in_reversal
8,leader_trend_4_secured_objective_margin,0.263738,0.051074,1,higher_in_reversal,higher_in_reversal
8,leader_trend_4_secured_supply_margin,-0.658506,-0.107151,1,lower_in_reversal,lower_in_reversal
8,leader_trend_4_support_edge_margin,-0.134439,0.212189,0,lower_in_reversal,higher_in_reversal
8,leader_trend_4_unsecured_control_margin,0.36237,0.235276,1,higher_in_reversal,higher_in_reversal
8,leader_trend_4_usable_support_edges,0.001822,-0.200657,0,higher_in_reversal,lower_in_reversal
8,leader_unsecured_controlled_supply,0.36222,-0.085771,0,higher_in_reversal,lower_in_reversal
8,leader_unsecured_controlled_supply_margin,0.365308,0.117431,1,higher_in_reversal,higher_in_reversal
8,leader_usable_supply_support_edge_margin,-0.181377,-0.013822,1,lower_in_reversal,lower_in_reversal
8,leader_usable_supply_support_edges,0.117868,-0.189529,0,higher_in_reversal,lower_in_reversal
8,live_objectives,-0.052376,0.10758,0,lower_in_reversal,higher_in_reversal
8,opponent_advantage_objectives,0.344972,0.222346,1,higher_in_reversal,higher_in_reversal
8,opponent_cumulative_objective_placements,0.171818,0.008789,1,higher_in_reversal,higher_in_reversal
8,opponent_cumulative_objective_share,0.171818,0.008789,1,higher_in_reversal,higher_in_reversal
8,opponent_cumulative_supply_placements,-0.171818,-0.008789,1,lower_in_reversal,lower_in_reversal
8,opponent_cumulative_supply_source_usage,0.171818,0.008789,1,higher_in_reversal,higher_in_reversal
8,opponent_objective_pieces,0.171818,0.008789,1,higher_in_reversal,higher_in_reversal
8,opponent_primary_important_sites_controlled,-0.10857,0.057907,0,lower_in_reversal,higher_in_reversal
8,opponent_recent_2_important_site_usage,-0.093859,0.223126,0,lower_in_reversal,higher_in_reversal
8,opponent_recent_2_objective_placements,0.110289,0.077763,1,higher_in_reversal,higher_in_reversal
8,opponent_recent_2_supply_placements,-0.110289,-0.077763,1,lower_in_reversal,lower_in_reversal
8,opponent_recent_4_important_site_usage,0.014893,0.145806,1,higher_in_reversal,higher_in_reversal
8,opponent_recent_4_objective_placements,0.164184,-0.035305,0,higher_in_reversal,lower_in_reversal
8,opponent_recent_4_supply_allocation_change,0.002509,-0.14979,0,higher_in_reversal,lower_in_reversal
8,opponent_recent_4_supply_placements,-0.164184,0.035305,0,lower_in_reversal,higher_in_reversal
8,opponent_secured_objectives,-0.081666,-0.15202,1,lower_in_reversal,lower_in_reversal
8,opponent_secured_supply,0.495758,0.183116,1,higher_in_reversal,higher_in_reversal
8,opponent_trend_2_usable_support_edges,-0.078229,-0.30305,1,lower_in_reversal,lower_in_reversal
8,opponent_trend_4_usable_support_edges,0.128621,-0.381458,0,higher_in_reversal,lower_in_reversal
8,opponent_unsecured_controlled_supply,-0.022627,-0.208837,1,lower_in_reversal,lower_in_reversal
8,opponent_usable_supply_support_edges,0.285856,-0.176395,0,higher_in_reversal,lower_in_reversal
12,S12_leader_relative_state,-0.305775,-0.112265,1,lower_in_reversal,lower_in_reversal
12,S13_leader_relative_state,-0.314769,0.213431,0,lower_in_reversal,higher_in_reversal
12,S21_leader_relative_state,0.191537,-0.375416,0,higher_in_reversal,lower_in_reversal
12,S22_leader_relative_state,0.198104,0.24681,1,higher_in_reversal,higher_in_reversal
12,S23_leader_relative_state,0.089002,-0.198043,0,higher_in_reversal,lower_in_reversal
12,contested_supply_count,-0.094021,-0.280615,1,lower_in_reversal,lower_in_reversal
12,decisive_layer_advantage_objectives,0.146136,-0.001226,0,higher_in_reversal,lower_in_reversal
12,decisive_layer_objective_pieces,-0.01653,0.023355,0,lower_in_reversal,higher_in_reversal
12,decisive_layer_secured_objectives,-0.127659,-0.012794,1,lower_in_reversal,lower_in_reversal
12,decisive_margin,-0.298928,0.08868,0,lower_in_reversal,higher_in_reversal
12,leader_advantage_objective_margin,0.068573,0.033685,1,higher_in_reversal,higher_in_reversal
12,leader_advantage_objectives,-0.24244,-0.085976,1,lower_in_reversal,lower_in_reversal
12,leader_cumulative_objective_placements,0.31426,0.19416,1,higher_in_reversal,higher_in_reversal
12,leader_cumulative_objective_share,0.31426,0.19416,1,higher_in_reversal,higher_in_reversal
12,leader_cumulative_objective_share_margin,-0.065316,0.043992,0,lower_in_reversal,higher_in_reversal
12,leader_cumulative_supply_placements,-0.31426,-0.19416,1,lower_in_reversal,lower_in_reversal
12,leader_cumulative_supply_source_usage,0.31426,0.19416,1,higher_in_reversal,higher_in_reversal
12,leader_cumulative_supply_source_usage_margin,-0.065316,0.043992,0,lower_in_reversal,higher_in_reversal
12,leader_objective_piece_margin,-0.065316,0.043992,0,lower_in_reversal,higher_in_reversal
12,leader_objective_pieces,0.31426,0.19416,1,higher_in_reversal,higher_in_reversal
12,leader_primary_important_control_margin,0.141715,-0.036335,0,higher_in_reversal,lower_in_reversal
12,leader_primary_important_sites_controlled,0.206988,0.115691,1,higher_in_reversal,higher_in_reversal
12,leader_recent_2_all_objective_turn_margin,0.192746,-0.115815,0,higher_in_reversal,lower_in_reversal
12,leader_recent_2_all_supply_turn_margin,0.0,-0.006434,0,no_difference,lower_in_reversal
12,leader_recent_2_important_site_usage,0.382898,-0.002316,0,higher_in_reversal,lower_in_reversal
12,leader_recent_2_important_site_usage_margin,0.137265,-0.056971,0,higher_in_reversal,lower_in_reversal
12,leader_recent_2_mixed_turn_margin,-0.17931,0.10857,0,lower_in_reversal,higher_in_reversal
12,leader_recent_2_objective_placements,0.384398,-0.151758,0,higher_in_reversal,lower_in_reversal
12,leader_recent_2_objective_share_margin,0.113477,-0.098278,0,higher_in_reversal,lower_in_reversal
12,leader_recent_2_supply_placements,-0.384398,0.151758,0,lower_in_reversal,higher_in_reversal
12,leader_recent_2_supply_source_usage_margin,0.113477,-0.098278,0,higher_in_reversal,lower_in_reversal
12,leader_recent_4_all_objective_turn_margin,0.210185,-0.199635,0,higher_in_reversal,lower_in_reversal
12,leader_recent_4_all_supply_turn_margin,0.20974,-0.378781,0,higher_in_reversal,lower_in_reversal
12,leader_recent_4_important_site_usage,0.202186,0.0896,1,higher_in_reversal,higher_in_reversal
12,leader_recent_4_important_site_usage_margin,0.00145,-0.024117,0,higher_in_reversal,lower_in_reversal
12,leader_recent_4_mixed_turn_margin,-0.284989,0.321522,0,lower_in_reversal,higher_in_reversal
12,leader_recent_4_objective_allocation_change_margin,0.259956,-0.055548,0,higher_in_reversal,lower_in_reversal
12,leader_recent_4_objective_placement_margin,-0.126865,-0.087226,1,lower_in_reversal,lower_in_reversal
12,leader_recent_4_objective_placements,0.300278,-0.033203,0,higher_in_reversal,lower_in_reversal
12,leader_recent_4_objective_share_margin,-0.126865,-0.087226,1,lower_in_reversal,lower_in_reversal
12,leader_recent_4_supply_allocation_change,-0.235069,0.183497,0,lower_in_reversal,higher_in_reversal
12,leader_recent_4_supply_allocation_change_margin,-0.259956,0.055548,0,lower_in_reversal,higher_in_reversal
12,leader_recent_4_supply_placements,-0.300278,0.033203,0,lower_in_reversal,higher_in_reversal
12,leader_recent_4_supply_source_usage_margin,-0.126865,-0.087226,1,lower_in_reversal,lower_in_reversal
12,leader_secured_objective_margin,-0.239169,0.072178,0,lower_in_reversal,higher_in_reversal
12,leader_secured_objectives,0.395308,0.216271,1,higher_in_reversal,higher_in_reversal
12,leader_secured_supply,-0.576111,-0.435308,1,lower_in_reversal,lower_in_reversal
12,leader_secured_supply_margin,-0.375303,-0.351462,1,lower_in_reversal,lower_in_reversal
12,leader_trend_2_advantage_objective_margin,-0.412327,-0.12098,1,lower_in_reversal,lower_in_reversal
12,leader_trend_2_important_control_margin,0.075488,0.12887,1,higher_in_reversal,higher_in_reversal
12,leader_trend_2_objective_piece_margin,0.113477,-0.098278,0,higher_in_reversal,lower_in_reversal
12,leader_trend_2_secured_objective_margin,0.271169,0.136205,1,higher_in_reversal,higher_in_reversal
12,leader_trend_2_secured_supply_margin,0.264326,0.157641,1,higher_in_reversal,higher_in_reversal
12,leader_trend_2_support_edge_margin,-0.274333,0.115907,0,lower_in_reversal,higher_in_reversal
12,leader_trend_2_unsecured_control_margin,-0.28815,0.022373,0,lower_in_reversal,higher_in_reversal
12,leader_trend_2_usable_support_edges,-0.639713,-0.138361,1,lower_in_reversal,lower_in_reversal
12,leader_trend_4_advantage_objective_margin,0.086026,0.262598,1,higher_in_reversal,higher_in_reversal
12,leader_trend_4_important_control_margin,0.166963,0.112493,1,higher_in_reversal,higher_in_reversal
12,leader_trend_4_objective_piece_margin,-0.126865,-0.087226,1,lower_in_reversal,lower_in_reversal
12,leader_trend_4_secured_objective_margin,-0.261291,-0.137957,1,lower_in_reversal,lower_in_reversal
12,leader_trend_4_secured_supply_margin,0.289263,-0.043317,0,higher_in_reversal,lower_in_reversal
12,leader_trend_4_support_edge_margin,0.0257,0.01075,1,higher_in_reversal,higher_in_reversal
12,leader_trend_4_unsecured_control_margin,-0.143848,0.077937,0,lower_in_reversal,higher_in_reversal
12,leader_trend_4_usable_support_edges,-0.301623,0.020709,0,lower_in_reversal,higher_in_reversal
12,leader_unsecured_controlled_supply,0.348573,0.377991,1,higher_in_reversal,higher_in_reversal
12,leader_unsecured_controlled_supply_margin,0.363735,0.057616,1,higher_in_reversal,higher_in_reversal
12,leader_usable_supply_support_edge_margin,0.032903,-0.295939,0,higher_in_reversal,lower_in_reversal
12,leader_usable_supply_support_edges,-0.411241,-0.030575,1,lower_in_reversal,lower_in_reversal
12,live_objectives,-0.514772,-0.197761,1,lower_in_reversal,lower_in_reversal
12,opponent_advantage_objectives,-0.320253,-0.121546,1,lower_in_reversal,lower_in_reversal
12,opponent_cumulative_objective_placements,0.30109,0.189191,1,higher_in_reversal,higher_in_reversal
12,opponent_cumulative_objective_share,0.30109,0.189191,1,higher_in_reversal,higher_in_reversal
12,opponent_cumulative_supply_placements,-0.30109,-0.189191,1,lower_in_reversal,lower_in_reversal
12,opponent_cumulative_supply_source_usage,0.30109,0.189191,1,higher_in_reversal,higher_in_reversal
12,opponent_objective_pieces,0.30109,0.189191,1,higher_in_reversal,higher_in_reversal
12,opponent_primary_important_sites_controlled,-0.002926,0.177025,0,lower_in_reversal,higher_in_reversal
12,opponent_recent_2_important_site_usage,0.196757,0.085722,1,higher_in_reversal,higher_in_reversal
12,opponent_recent_2_objective_placements,0.256719,-0.031369,0,higher_in_reversal,lower_in_reversal
12,opponent_recent_2_supply_placements,-0.256719,0.031369,0,lower_in_reversal,higher_in_reversal
12,opponent_recent_4_important_site_usage,0.227761,0.133939,1,higher_in_reversal,higher_in_reversal
12,opponent_recent_4_objective_placements,0.374422,0.045645,1,higher_in_reversal,higher_in_reversal
12,opponent_recent_4_supply_allocation_change,0.037595,0.108574,1,higher_in_reversal,higher_in_reversal
12,opponent_recent_4_supply_placements,-0.374422,-0.045645,1,lower_in_reversal,lower_in_reversal
12,opponent_secured_objectives,0.51748,0.143004,1,higher_in_reversal,higher_in_reversal
12,opponent_secured_supply,-0.006168,0.002188,0,lower_in_reversal,higher_in_reversal
12,opponent_trend_2_usable_support_edges,-0.29548,-0.252716,1,lower_in_reversal,lower_in_reversal
12,opponent_trend_4_usable_support_edges,-0.299611,0.011226,0,lower_in_reversal,higher_in_reversal
12,opponent_unsecured_controlled_supply,-0.102535,0.26416,0,lower_in_reversal,higher_in_reversal
12,opponent_usable_supply_support_edges,-0.502856,0.35733,0,lower_in_reversal,higher_in_reversal
16,S12_leader_relative_state,-0.465056,-0.298303,1,lower_in_reversal,lower_in_reversal
16,S13_leader_relative_state,-0.380646,-0.257145,1,lower_in_reversal,lower_in_reversal
16,S21_leader_relative_state,0.231591,-0.473488,0,higher_in_reversal,lower_in_reversal
16,S22_leader_relative_state,0.322462,0.305245,1,higher_in_reversal,higher_in_reversal
16,S23_leader_relative_state,0.461075,-0.110422,0,higher_in_reversal,lower_in_reversal
16,contested_supply_count,-0.29939,0.021789,0,lower_in_reversal,higher_in_reversal
16,decisive_layer_advantage_objectives,-0.08028,0.067525,0,lower_in_reversal,higher_in_reversal
16,decisive_layer_objective_pieces,0.011334,-0.265827,0,higher_in_reversal,lower_in_reversal
16,decisive_layer_secured_objectives,0.071242,0.087162,1,higher_in_reversal,higher_in_reversal
16,decisive_margin,-0.439983,0.304968,0,lower_in_reversal,higher_in_reversal
16,leader_advantage_objective_margin,0.064651,-0.048755,0,higher_in_reversal,lower_in_reversal
16,leader_advantage_objectives,-0.00982,-0.15265,1,lower_in_reversal,lower_in_reversal
16,leader_cumulative_objective_placements,0.256112,-0.028203,0,higher_in_reversal,lower_in_reversal
16,leader_cumulative_objective_share,0.256112,-0.028203,0,higher_in_reversal,lower_in_reversal
16,leader_cumulative_objective_share_margin,0.007401,-0.074042,0,higher_in_reversal,lower_in_reversal
16,leader_cumulative_supply_placements,-0.256112,0.028203,0,lower_in_reversal,higher_in_reversal
16,leader_cumulative_supply_source_usage,0.256112,-0.028203,0,higher_in_reversal,lower_in_reversal
16,leader_cumulative_supply_source_usage_margin,0.007401,-0.074042,0,higher_in_reversal,lower_in_reversal
16,leader_objective_piece_margin,0.007401,-0.074042,0,higher_in_reversal,lower_in_reversal
16,leader_objective_pieces,0.256112,-0.028203,0,higher_in_reversal,lower_in_reversal
16,leader_primary_important_control_margin,0.232758,-0.424105,0,higher_in_reversal,lower_in_reversal
16,leader_primary_important_sites_controlled,0.305931,-0.308779,0,higher_in_reversal,lower_in_reversal
16,leader_recent_2_all_objective_turn_margin,0.413908,0.207305,1,higher_in_reversal,higher_in_reversal
16,leader_recent_2_all_supply_turn_margin,-0.007911,-0.043348,1,lower_in_reversal,lower_in_reversal
16,leader_recent_2_important_site_usage,-0.052832,-0.251616,1,lower_in_reversal,lower_in_reversal
16,leader_recent_2_important_site_usage_margin,0.13439,-0.122164,0,higher_in_reversal,lower_in_reversal
16,leader_recent_2_mixed_turn_margin,-0.409424,-0.168397,1,lower_in_reversal,lower_in_reversal
16,leader_recent_2_objective_placements,0.032859,-0.05442,0,higher_in_reversal,lower_in_reversal
16,leader_recent_2_objective_share_margin,0.27413,0.1434,1,higher_in_reversal,higher_in_reversal
16,leader_recent_2_supply_placements,-0.032859,0.05442,0,lower_in_reversal,higher_in_reversal
16,leader_recent_2_supply_source_usage_margin,0.27413,0.1434,1,higher_in_reversal,higher_in_reversal
16,leader_recent_4_all_objective_turn_margin,0.461272,-0.104815,0,higher_in_reversal,lower_in_reversal
16,leader_recent_4_all_supply_turn_margin,0.218085,0.142356,1,higher_in_reversal,higher_in_reversal
16,leader_recent_4_important_site_usage,-0.062229,-0.369021,1,lower_in_reversal,lower_in_reversal
16,leader_recent_4_important_site_usage_margin,0.134136,-0.292758,0,higher_in_reversal,lower_in_reversal
16,leader_recent_4_mixed_turn_margin,-0.515322,0.040422,0,lower_in_reversal,higher_in_reversal
16,leader_recent_4_objective_allocation_change_margin,0.353569,0.387416,1,higher_in_reversal,higher_in_reversal
16,leader_recent_4_objective_placement_margin,0.025481,-0.162973,0,higher_in_reversal,lower_in_reversal
16,leader_recent_4_objective_placements,-0.004679,-0.239264,1,lower_in_reversal,lower_in_reversal
16,leader_recent_4_objective_share_margin,0.025481,-0.162973,0,higher_in_reversal,lower_in_reversal
16,leader_recent_4_supply_allocation_change,-0.052619,-0.187915,1,lower_in_reversal,lower_in_reversal
16,leader_recent_4_supply_allocation_change_margin,-0.353569,-0.387416,1,lower_in_reversal,lower_in_reversal
16,leader_recent_4_supply_placements,0.004679,0.239264,1,higher_in_reversal,higher_in_reversal
16,leader_recent_4_supply_source_usage_margin,0.025481,-0.162973,0,higher_in_reversal,lower_in_reversal
16,leader_secured_objective_margin,-0.144225,0.335004,0,lower_in_reversal,higher_in_reversal
16,leader_secured_objectives,0.179635,0.052006,1,higher_in_reversal,higher_in_reversal
16,leader_secured_supply,-0.314663,-0.130717,1,lower_in_reversal,lower_in_reversal
16,leader_secured_supply_margin,-0.294289,-0.39325,1,lower_in_reversal,lower_in_reversal
16,leader_trend_2_advantage_objective_margin,-0.054963,0.289549,0,lower_in_reversal,higher_in_reversal
16,leader_trend_2_important_control_margin,-0.233125,-0.689258,1,lower_in_reversal,lower_in_reversal
16,leader_trend_2_objective_piece_margin,0.27413,0.1434,1,higher_in_reversal,higher_in_reversal
16,leader_trend_2_secured_objective_margin,0.089111,-0.046407,0,higher_in_reversal,lower_in_reversal
16,leader_trend_2_secured_supply_margin,-0.024832,-0.328818,1,lower_in_reversal,lower_in_reversal
16,leader_trend_2_support_edge_margin,-0.395613,-0.262935,1,lower_in_reversal,lower_in_reversal
16,leader_trend_2_unsecured_control_margin,-0.261919,0.014327,0,lower_in_reversal,higher_in_reversal
16,leader_trend_2_usable_support_edges,-0.335866,-0.116945,1,lower_in_reversal,lower_in_reversal
16,leader_trend_4_advantage_objective_margin,0.056484,-0.088867,0,higher_in_reversal,lower_in_reversal
16,leader_trend_4_important_control_margin,-0.116873,-0.439393,1,lower_in_reversal,lower_in_reversal
16,leader_trend_4_objective_piece_margin,0.025481,-0.162973,0,higher_in_reversal,lower_in_reversal
16,leader_trend_4_secured_objective_margin,-0.084252,0.156525,0,lower_in_reversal,higher_in_reversal
16,leader_trend_4_secured_supply_margin,0.124065,-0.319336,0,higher_in_reversal,lower_in_reversal
16,leader_trend_4_support_edge_margin,-0.027411,-0.237007,1,lower_in_reversal,lower_in_reversal
16,leader_trend_4_unsecured_control_margin,-0.079283,0.267158,0,lower_in_reversal,higher_in_reversal
16,leader_trend_4_usable_support_edges,0.040233,-0.291569,0,higher_in_reversal,lower_in_reversal
16,leader_unsecured_controlled_supply,0.286869,0.044738,1,higher_in_reversal,higher_in_reversal
16,leader_unsecured_controlled_supply_margin,0.30905,0.274026,1,higher_in_reversal,higher_in_reversal
16,leader_usable_supply_support_edge_margin,-0.245415,-0.71913,1,lower_in_reversal,lower_in_reversal
16,leader_usable_supply_support_edges,-0.329005,-0.189391,1,lower_in_reversal,lower_in_reversal
16,live_objectives,-0.247627,0.096104,0,lower_in_reversal,higher_in_reversal
16,opponent_advantage_objectives,-0.115761,-0.060224,1,lower_in_reversal,lower_in_reversal
16,opponent_cumulative_objective_placements,0.283993,0.011908,1,higher_in_reversal,higher_in_reversal
16,opponent_cumulative_objective_share,0.283993,0.011908,1,higher_in_reversal,higher_in_reversal
16,opponent_cumulative_supply_placements,-0.283993,-0.011908,1,lower_in_reversal,lower_in_reversal
16,opponent_cumulative_supply_source_usage,0.283993,0.011908,1,higher_in_reversal,higher_in_reversal
16,opponent_objective_pieces,0.283993,0.011908,1,higher_in_reversal,higher_in_reversal
16,opponent_primary_important_sites_controlled,-0.076442,0.385533,0,lower_in_reversal,higher_in_reversal
16,opponent_recent_2_important_site_usage,-0.24535,-0.085918,1,lower_in_reversal,lower_in_reversal
16,opponent_recent_2_objective_placements,-0.257562,-0.258182,1,lower_in_reversal,lower_in_reversal
16,opponent_recent_2_supply_placements,0.257562,0.258182,1,higher_in_reversal,higher_in_reversal
16,opponent_recent_4_important_site_usage,-0.253244,0.087841,0,lower_in_reversal,higher_in_reversal
16,opponent_recent_4_objective_placements,-0.025772,-0.059468,1,lower_in_reversal,lower_in_reversal
16,opponent_recent_4_supply_allocation_change,0.427171,0.298599,1,higher_in_reversal,higher_in_reversal
16,opponent_recent_4_supply_placements,0.025772,0.059468,1,higher_in_reversal,higher_in_reversal
16,opponent_secured_objectives,0.258282,-0.226653,0,higher_in_reversal,lower_in_reversal
16,opponent_secured_supply,0.088807,0.390849,1,higher_in_reversal,higher_in_reversal
16,opponent_trend_2_usable_support_edges,0.159418,0.222712,1,higher_in_reversal,higher_in_reversal
16,opponent_trend_4_usable_support_edges,0.069479,0.073827,1,higher_in_reversal,higher_in_reversal
16,opponent_unsecured_controlled_supply,-0.06241,-0.235286,1,lower_in_reversal,lower_in_reversal
16,opponent_usable_supply_support_edges,-0.041763,0.640082,0,lower_in_reversal,higher_in_reversal
20,S12_leader_relative_state,-0.185753,-0.267517,1,lower_in_reversal,lower_in_reversal
20,S13_leader_relative_state,-0.176401,-0.506992,1,lower_in_reversal,lower_in_reversal
20,S21_leader_relative_state,0.34746,-0.480133,0,higher_in_reversal,lower_in_reversal
20,S22_leader_relative_state,0.337136,0.104031,1,higher_in_reversal,higher_in_reversal
20,S23_leader_relative_state,0.103082,-0.209529,0,higher_in_reversal,lower_in_reversal
20,contested_supply_count,0.003381,0.165903,1,higher_in_reversal,higher_in_reversal
20,decisive_layer_advantage_objectives,-0.272833,-0.229971,1,lower_in_reversal,lower_in_reversal
20,decisive_layer_objective_pieces,0.525103,0.060555,1,higher_in_reversal,higher_in_reversal
20,decisive_layer_secured_objectives,-0.033503,0.193432,0,lower_in_reversal,higher_in_reversal
20,decisive_margin,-0.199747,-0.265894,1,lower_in_reversal,lower_in_reversal
20,leader_advantage_objective_margin,-0.369725,-0.158855,1,lower_in_reversal,lower_in_reversal
20,leader_advantage_objectives,-0.309808,-0.259185,1,lower_in_reversal,lower_in_reversal
20,leader_cumulative_objective_placements,-0.025941,-0.346662,1,lower_in_reversal,lower_in_reversal
20,leader_cumulative_objective_share,-0.025941,-0.346662,1,lower_in_reversal,lower_in_reversal
20,leader_cumulative_objective_share_margin,-0.115911,0.005553,0,lower_in_reversal,higher_in_reversal
20,leader_cumulative_supply_placements,0.025941,0.346662,1,higher_in_reversal,higher_in_reversal
20,leader_cumulative_supply_source_usage,-0.025941,-0.346662,1,lower_in_reversal,lower_in_reversal
20,leader_cumulative_supply_source_usage_margin,-0.115911,0.005553,0,lower_in_reversal,higher_in_reversal
20,leader_objective_piece_margin,-0.115911,0.005553,0,lower_in_reversal,higher_in_reversal
20,leader_objective_pieces,-0.025941,-0.346662,1,lower_in_reversal,lower_in_reversal
20,leader_primary_important_control_margin,0.475074,-0.501252,0,higher_in_reversal,lower_in_reversal
20,leader_primary_important_sites_controlled,0.411795,-0.477515,0,higher_in_reversal,lower_in_reversal
20,leader_recent_2_all_objective_turn_margin,0.169447,0.218447,1,higher_in_reversal,higher_in_reversal
20,leader_recent_2_all_supply_turn_margin,-0.11745,0.035334,0,lower_in_reversal,higher_in_reversal
20,leader_recent_2_important_site_usage,0.090573,-0.513386,0,higher_in_reversal,lower_in_reversal
20,leader_recent_2_important_site_usage_margin,0.299668,-0.551641,0,higher_in_reversal,lower_in_reversal
20,leader_recent_2_mixed_turn_margin,-0.066942,-0.173257,1,lower_in_reversal,lower_in_reversal
20,leader_recent_2_objective_placements,0.044708,-0.186992,0,higher_in_reversal,lower_in_reversal
20,leader_recent_2_objective_share_margin,0.384166,0.05839,1,higher_in_reversal,higher_in_reversal
20,leader_recent_2_supply_placements,-0.044708,0.186992,0,lower_in_reversal,higher_in_reversal
20,leader_recent_2_supply_source_usage_margin,0.384166,0.05839,1,higher_in_reversal,higher_in_reversal
20,leader_recent_4_all_objective_turn_margin,-0.269792,0.270644,0,lower_in_reversal,higher_in_reversal
20,leader_recent_4_all_supply_turn_margin,0.239262,0.105544,1,higher_in_reversal,higher_in_reversal
20,leader_recent_4_important_site_usage,0.076272,-0.382708,0,higher_in_reversal,lower_in_reversal
20,leader_recent_4_important_site_usage_margin,0.186855,-0.501214,0,higher_in_reversal,lower_in_reversal
20,leader_recent_4_mixed_turn_margin,0.083204,-0.277554,0,higher_in_reversal,lower_in_reversal
20,leader_recent_4_objective_allocation_change_margin,0.74023,0.022097,1,higher_in_reversal,higher_in_reversal
20,leader_recent_4_objective_placement_margin,-0.19283,0.059636,0,lower_in_reversal,higher_in_reversal
20,leader_recent_4_objective_placements,-0.232961,-0.165536,1,lower_in_reversal,lower_in_reversal
20,leader_recent_4_objective_share_margin,-0.19283,0.059636,0,lower_in_reversal,higher_in_reversal
20,leader_recent_4_supply_allocation_change,-0.388211,0.089362,0,lower_in_reversal,higher_in_reversal
20,leader_recent_4_supply_allocation_change_margin,-0.74023,-0.022097,1,lower_in_reversal,lower_in_reversal
20,leader_recent_4_supply_placements,0.232961,0.165536,1,higher_in_reversal,higher_in_reversal
20,leader_recent_4_supply_source_usage_margin,-0.19283,0.059636,0,lower_in_reversal,higher_in_reversal
20,leader_secured_objective_margin,-0.113108,0.141717,0,lower_in_reversal,higher_in_reversal
20,leader_secured_objectives,0.128558,-0.374965,0,higher_in_reversal,lower_in_reversal
20,leader_secured_supply,-0.154631,-0.327327,1,lower_in_reversal,lower_in_reversal
20,leader_secured_supply_margin,-0.21028,-0.577601,1,lower_in_reversal,lower_in_reversal
20,leader_trend_2_advantage_objective_margin,-0.636699,-0.171618,1,lower_in_reversal,lower_in_reversal
20,leader_trend_2_important_control_margin,0.109476,-0.508999,0,higher_in_reversal,lower_in_reversal
20,leader_trend_2_objective_piece_margin,0.384166,0.05839,1,higher_in_reversal,higher_in_reversal
20,leader_trend_2_secured_objective_margin,0.610836,0.319439,1,higher_in_reversal,higher_in_reversal
20,leader_trend_2_secured_supply_margin,0.041609,-0.718766,0,higher_in_reversal,lower_in_reversal
20,leader_trend_2_support_edge_margin,-0.555842,-0.247392,1,lower_in_reversal,lower_in_reversal
20,leader_trend_2_unsecured_control_margin,-0.38262,0.420221,0,lower_in_reversal,higher_in_reversal
20,leader_trend_2_usable_support_edges,-0.106952,0.310623,0,lower_in_reversal,higher_in_reversal
20,leader_trend_4_advantage_objective_margin,-0.329107,-0.124691,1,lower_in_reversal,lower_in_reversal
20,leader_trend_4_important_control_margin,0.471398,-0.255825,0,higher_in_reversal,lower_in_reversal
20,leader_trend_4_objective_piece_margin,-0.19283,0.059636,0,lower_in_reversal,higher_in_reversal
20,leader_trend_4_secured_objective_margin,0.021071,-0.055955,0,higher_in_reversal,lower_in_reversal
20,leader_trend_4_secured_supply_margin,0.214563,-0.432423,0,higher_in_reversal,lower_in_reversal
20,leader_trend_4_support_edge_margin,0.211021,-0.001976,0,higher_in_reversal,lower_in_reversal
20,leader_trend_4_unsecured_control_margin,0.038753,0.207272,1,higher_in_reversal,higher_in_reversal
20,leader_trend_4_usable_support_edges,0.355403,0.389548,1,higher_in_reversal,higher_in_reversal
20,leader_unsecured_controlled_supply,0.223223,0.161231,1,higher_in_reversal,higher_in_reversal
20,leader_unsecured_controlled_supply_margin,0.299621,0.387488,1,higher_in_reversal,higher_in_reversal
20,leader_usable_supply_support_edge_margin,-0.152015,-0.613552,1,lower_in_reversal,lower_in_reversal
20,leader_usable_supply_support_edges,-0.32054,-0.052386,1,lower_in_reversal,lower_in_reversal
20,live_objectives,-0.17583,0.460319,0,lower_in_reversal,higher_in_reversal
20,opponent_advantage_objectives,0.244672,-0.046849,0,higher_in_reversal,lower_in_reversal
20,opponent_cumulative_objective_placements,0.040503,-0.332313,0,higher_in_reversal,lower_in_reversal
20,opponent_cumulative_objective_share,0.040503,-0.332313,0,higher_in_reversal,lower_in_reversal
20,opponent_cumulative_supply_placements,-0.040503,0.332313,0,lower_in_reversal,higher_in_reversal
20,opponent_cumulative_supply_source_usage,0.040503,-0.332313,0,higher_in_reversal,lower_in_reversal
20,opponent_objective_pieces,0.040503,-0.332313,0,higher_in_reversal,lower_in_reversal
20,opponent_primary_important_sites_controlled,-0.368495,0.374891,0,lower_in_reversal,higher_in_reversal
20,opponent_recent_2_important_site_usage,-0.332167,0.317208,0,lower_in_reversal,higher_in_reversal
20,opponent_recent_2_objective_placements,-0.316568,-0.240939,1,lower_in_reversal,lower_in_reversal
20,opponent_recent_2_supply_placements,0.316568,0.240939,1,higher_in_reversal,higher_in_reversal
20,opponent_recent_4_important_site_usage,-0.199276,0.364442,0,lower_in_reversal,higher_in_reversal
20,opponent_recent_4_objective_placements,-0.08115,-0.233827,1,lower_in_reversal,lower_in_reversal
20,opponent_recent_4_supply_allocation_change,0.471531,0.112585,1,higher_in_reversal,higher_in_reversal
20,opponent_recent_4_supply_placements,0.08115,0.233827,1,higher_in_reversal,higher_in_reversal
20,opponent_secured_objectives,0.200836,-0.482715,0,higher_in_reversal,lower_in_reversal
20,opponent_secured_supply,0.150615,0.517408,1,higher_in_reversal,higher_in_reversal
20,opponent_trend_2_usable_support_edges,0.521669,0.561166,1,higher_in_reversal,higher_in_reversal
20,opponent_trend_4_usable_support_edges,0.074567,0.36427,1,higher_in_reversal,higher_in_reversal
20,opponent_unsecured_controlled_supply,-0.090243,-0.232929,1,lower_in_reversal,lower_in_reversal
20,opponent_usable_supply_support_edges,-0.124648,0.726033,0,lower_in_reversal,higher_in_reversal
