path,sha256
experiments/issue-37/results/raw/replay-summary.csv,503cdb056bb2ae54307cdc721e13c36db1c0845596d066699d136aa4dcec1471
experiments/issue-37/results/raw/placements.csv,6eb9440fb31735b46e4ec671eec3cdbcec87664ee8d547424f25654901c2bf7f
experiments/issue-37/results/raw/supply-turn-states.csv,f58c10db158a036db3f8911f11c35f4a3cc2f6aea3fe073d736b09e779b28f71
experiments/issue-37/results/raw/objective-turn-states.csv,b2102cff666eb7e5610288f391fdccde368261e5c6bc2823cc9e147154bdac08
experiments/issue-37/results/source-trials.csv,3199ec02ce8e91419dab54d722f0d625a5d9bfb96ade8792682c19dd00f9295a
experiments/issue-41/results/raw/turn-progression.csv,5113675ee7202ecc5cb8c8628501ac785d6b6c50d924e7dff89366899274a5da
experiments/issue-41/results/reversal-by-turn.csv,928baf040c9d304423ba77088937b0d15450c9f75051cbba47b23e476e5af4df
experiments/issue-39/results/site-value-summary.csv,5edfd12437e9503c8bb950964feadbd3ab2a001228ecbe40b63e702313a10d82
experiments/issue-43/config.json,109032b3e3664a1e6c78ddb48cf9a91691abc3d5e933684578a7d1be9dfc3b55
experiments/issue-43/results/raw/checkpoint-cohorts.csv,498cc2bec5b953fc117759f0a17a455563f42af92c7aa78910447f20b7d94b8b
