"board","search_level","threshold","metric","games","value","median","ci_low","ci_high","primary"
"3x3","seeded-random","2","mean_dormant_active_fronts","100","0.930000","0.944444","0.887222","0.976111","false"
"3x3","seeded-random","2","dormant_ge1_turn_rate","100","0.606667","0.611111","0.585556","0.627222","false"
"3x3","seeded-random","2","dormant_ge2_turn_rate","100","0.261111","0.277778","0.237222","0.284444","false"
"3x3","seeded-random","2","longest_dormant_run_fraction","100","0.427778","0.388889","0.395556","0.461667","false"
"3x3","seeded-random","2","mean_backlog_size","100","1.933889","1.944444","1.858333","2.009444","false"
"3x3","seeded-random","2","max_backlog_size","100","4.120000","4.000000","3.970000","4.270000","false"
"3x3","seeded-random","2","backlog_ge1_turn_rate","100","0.797778","0.833333","0.782222","0.812778","false"
"3x3","seeded-random","2","backlog_ge2_turn_rate","100","0.616667","0.611111","0.593333","0.640000","false"
"3x3","seeded-random","2","longest_backlog_run_fraction","100","0.726667","0.777778","0.696111","0.755556","false"
"3x3","seeded-random","2","qualifying_departures","100","10.470000","11.000000","9.990000","10.950000","false"
"3x3","seeded-random","2","persistent_revisits","100","4.570000","5.000000","4.230000","4.940000","false"
"3x3","seeded-random","2","reactivation_revisits","100","2.540000","2.000000","2.280000","2.810000","false"
"3x3","seeded-random","2","never_revisited","100","0.670000","0.000000","0.510000","0.830000","false"
"3x3","seeded-random","2","right_censored","100","2.690000","3.000000","2.480000","2.890000","false"
"3x3","seeded-random","2","revisit_rate_observed","100","0.912771","1.000000","0.885783","0.936139","false"
"3x3","seeded-random","2","never_revisited_rate_observed","100","0.087229","0.000000","0.064457","0.115233","false"
"3x3","seeded-random","2","right_censored_rate","100","0.261760","0.272727","0.243182","0.280534","false"
"3x3","seeded-random","2","simple_end_revisit_rate","100","0.671829","0.689904","0.649539","0.692935","false"
"3x3","seeded-random","2","mean_revisit_lag","99","3.508416","3.428571","3.372006","3.649020","false"
"3x3","seeded-random","2","median_revisit_lag","99","2.909091","3.000000","2.752525","3.050505","false"
"3x3","seeded-random","2","mean_normalized_revisit_lag","99","0.194912","0.190476","0.187227","0.202721","false"
"3x3","seeded-random","2","distinct_revisited_regions","100","4.850000","5.000000","4.610000","5.100000","false"
"3x3","seeded-random","2","repeated_revisit_regions","100","1.920000","2.000000","1.740000","2.110000","false"
"3x3","seeded-random","2","revisit_within_four_turns_rate","100","0.621362","0.625000","0.585378","0.655141","false"
"3x3","seeded-random","2","early_revisit_within_quarter_rate","100","0.710667","0.708333","0.660667","0.761833","false"
"3x3","seeded-random","1","mean_dormant_active_fronts","100","1.933889","1.944444","1.860000","2.008889","false"
"3x3","seeded-random","1","dormant_ge1_turn_rate","100","0.797778","0.833333","0.782778","0.812778","false"
"3x3","seeded-random","1","dormant_ge2_turn_rate","100","0.616667","0.611111","0.594444","0.640000","false"
"3x3","seeded-random","1","longest_dormant_run_fraction","100","0.726667","0.777778","0.695000","0.756111","false"
"3x3","seeded-random","1","mean_backlog_size","100","1.933889","1.944444","1.860556","2.008333","false"
"3x3","seeded-random","1","max_backlog_size","100","4.120000","4.000000","3.970000","4.270000","false"
"3x3","seeded-random","1","backlog_ge1_turn_rate","100","0.797778","0.833333","0.782222","0.812222","false"
"3x3","seeded-random","1","backlog_ge2_turn_rate","100","0.616667","0.611111","0.593889","0.638889","false"
"3x3","seeded-random","1","longest_backlog_run_fraction","100","0.726667","0.777778","0.695556","0.755556","false"
"3x3","seeded-random","1","qualifying_departures","100","18.070000","18.000000","17.390000","18.750000","false"
"3x3","seeded-random","1","persistent_revisits","100","10.360000","10.000000","9.820000","10.910000","false"
"3x3","seeded-random","1","reactivation_revisits","100","2.540000","2.000000","2.270000","2.830000","false"
"3x3","seeded-random","1","never_revisited","100","0.970000","1.000000","0.790000","1.160000","false"
"3x3","seeded-random","1","right_censored","100","4.200000","4.000000","4.000000","4.400000","false"
"3x3","seeded-random","1","revisit_rate_observed","100","0.928097","0.930952","0.913738","0.941967","false"
"3x3","seeded-random","1","never_revisited_rate_observed","100","0.071903","0.069048","0.058378","0.086308","false"
"3x3","seeded-random","1","right_censored_rate","100","0.236516","0.233032","0.225233","0.247133","false"
"3x3","seeded-random","1","simple_end_revisit_rate","100","0.707696","0.721111","0.693631","0.721620","false"
"3x3","seeded-random","1","mean_revisit_lag","100","2.382462","2.333333","2.288949","2.478595","false"
"3x3","seeded-random","1","median_revisit_lag","100","1.785000","2.000000","1.675000","1.900000","false"
"3x3","seeded-random","1","mean_normalized_revisit_lag","100","0.132359","0.129630","0.127262","0.137790","false"
"3x3","seeded-random","1","distinct_revisited_regions","100","5.870000","6.000000","5.640000","6.100000","false"
"3x3","seeded-random","1","repeated_revisit_regions","100","3.920000","4.000000","3.660000","4.180000","false"
"3x3","seeded-random","1","revisit_within_four_turns_rate","100","0.746584","0.733333","0.724596","0.769277","false"
"3x3","seeded-random","1","early_revisit_within_quarter_rate","100","0.803273","0.833333","0.770702","0.837329","false"
"3x3","seeded-random","3","mean_dormant_active_fronts","100","0.348333","0.333333","0.326667","0.371667","false"
"3x3","seeded-random","3","dormant_ge1_turn_rate","100","0.305556","0.333333","0.287222","0.323333","false"
"3x3","seeded-random","3","dormant_ge2_turn_rate","100","0.042222","0.027778","0.032778","0.052222","false"
"3x3","seeded-random","3","longest_dormant_run_fraction","100","0.140000","0.111111","0.127222","0.153889","false"
"3x3","seeded-random","3","mean_backlog_size","100","1.933889","1.944444","1.858889","2.009444","false"
"3x3","seeded-random","3","max_backlog_size","100","4.120000","4.000000","3.970000","4.270000","false"
"3x3","seeded-random","3","backlog_ge1_turn_rate","100","0.797778","0.833333","0.781667","0.812222","false"
"3x3","seeded-random","3","backlog_ge2_turn_rate","100","0.616667","0.611111","0.593889","0.638333","false"
"3x3","seeded-random","3","longest_backlog_run_fraction","100","0.726667","0.777778","0.696667","0.754444","false"
"3x3","seeded-random","3","qualifying_departures","100","6.270000","6.000000","5.860000","6.680000","false"
"3x3","seeded-random","3","persistent_revisits","100","1.550000","1.000000","1.310000","1.800000","false"
"3x3","seeded-random","3","reactivation_revisits","100","2.540000","2.000000","2.280000","2.810000","false"
"3x3","seeded-random","3","never_revisited","100","0.470000","0.000000","0.340000","0.610000","false"
"3x3","seeded-random","3","right_censored","100","1.710000","2.000000","1.530000","1.890000","false"
"3x3","seeded-random","3","revisit_rate_observed","100","0.891393","1.000000","0.852917","0.926143","false"
"3x3","seeded-random","3","never_revisited_rate_observed","100","0.108607","0.000000","0.074964","0.146286","false"
"3x3","seeded-random","3","right_censored_rate","100","0.282449","0.267857","0.251603","0.315337","false"
"3x3","seeded-random","3","simple_end_revisit_rate","100","0.639527","0.645833","0.603691","0.674789","false"
"3x3","seeded-random","3","mean_revisit_lag","98","4.675935","4.500000","4.481742","4.905527","false"
"3x3","seeded-random","3","median_revisit_lag","98","4.311224","4.000000","4.096939","4.545918","false"
"3x3","seeded-random","3","mean_normalized_revisit_lag","98","0.259774","0.250000","0.248478","0.271530","false"
"3x3","seeded-random","3","distinct_revisited_regions","100","3.340000","3.000000","3.070000","3.620000","false"
"3x3","seeded-random","3","repeated_revisit_regions","100","0.710000","1.000000","0.560000","0.860000","false"
"3x3","seeded-random","3","revisit_within_four_turns_rate","100","0.465074","0.500000","0.417099","0.512591","false"
"3x3","seeded-random","3","early_revisit_within_quarter_rate","96","0.571528","0.500000","0.500694","0.641146","false"
"3x3","uct-0100","2","mean_dormant_active_fronts","100","0.859444","0.833333","0.811667","0.908333","false"
"3x3","uct-0100","2","dormant_ge1_turn_rate","100","0.589445","0.611111","0.565000","0.613333","false"
"3x3","uct-0100","2","dormant_ge2_turn_rate","100","0.228333","0.222222","0.206111","0.251667","false"
"3x3","uct-0100","2","longest_dormant_run_fraction","100","0.370556","0.333333","0.336667","0.406111","false"
"3x3","uct-0100","2","mean_backlog_size","100","1.804444","1.833333","1.723333","1.890000","false"
"3x3","uct-0100","2","max_backlog_size","100","3.910000","4.000000","3.770000","4.060000","false"
"3x3","uct-0100","2","backlog_ge1_turn_rate","100","0.806667","0.833333","0.791667","0.821667","false"
"3x3","uct-0100","2","backlog_ge2_turn_rate","100","0.587222","0.611111","0.559444","0.614444","false"
"3x3","uct-0100","2","longest_backlog_run_fraction","100","0.724444","0.777778","0.692222","0.756111","false"
"3x3","uct-0100","2","qualifying_departures","100","9.530000","9.500000","9.020000","10.050000","false"
"3x3","uct-0100","2","persistent_revisits","100","3.970000","4.000000","3.600000","4.360000","false"
"3x3","uct-0100","2","reactivation_revisits","100","2.320000","2.000000","2.030000","2.630000","false"
"3x3","uct-0100","2","never_revisited","100","0.700000","1.000000","0.560000","0.840000","false"
"3x3","uct-0100","2","right_censored","100","2.540000","3.000000","2.350000","2.740000","false"
"3x3","uct-0100","2","revisit_rate_observed","100","0.896177","0.888889","0.873313","0.918006","false"
"3x3","uct-0100","2","never_revisited_rate_observed","100","0.103823","0.111111","0.082709","0.126550","false"
"3x3","uct-0100","2","right_censored_rate","100","0.276587","0.261363","0.253412","0.300046","false"
"3x3","uct-0100","2","simple_end_revisit_rate","100","0.647509","0.666667","0.622325","0.672149","false"
"3x3","uct-0100","2","mean_revisit_lag","100","3.623413","3.558442","3.462579","3.783311","false"
"3x3","uct-0100","2","median_revisit_lag","100","3.095000","3.000000","2.940000","3.265000","false"
"3x3","uct-0100","2","mean_normalized_revisit_lag","100","0.201301","0.197692","0.192621","0.210264","false"
"3x3","uct-0100","2","distinct_revisited_regions","100","4.400000","4.000000","4.120000","4.650000","false"
"3x3","uct-0100","2","repeated_revisit_regions","100","1.630000","2.000000","1.420000","1.830000","false"
"3x3","uct-0100","2","revisit_within_four_turns_rate","100","0.582488","0.600000","0.547780","0.615117","false"
"3x3","uct-0100","2","early_revisit_within_quarter_rate","98","0.710156","0.750000","0.656414","0.762609","false"
"3x3","uct-0100","1","mean_dormant_active_fronts","100","1.804444","1.833333","1.726111","1.882778","false"
"3x3","uct-0100","1","dormant_ge1_turn_rate","100","0.806667","0.833333","0.792222","0.821111","false"
"3x3","uct-0100","1","dormant_ge2_turn_rate","100","0.587222","0.611111","0.558889","0.614444","false"
"3x3","uct-0100","1","longest_dormant_run_fraction","100","0.724444","0.777778","0.690556","0.757222","false"
"3x3","uct-0100","1","mean_backlog_size","100","1.804444","1.833333","1.727222","1.886667","false"
"3x3","uct-0100","1","max_backlog_size","100","3.910000","4.000000","3.770000","4.050000","false"
"3x3","uct-0100","1","backlog_ge1_turn_rate","100","0.806667","0.833333","0.791111","0.822222","false"
"3x3","uct-0100","1","backlog_ge2_turn_rate","100","0.587222","0.611111","0.559445","0.613889","false"
"3x3","uct-0100","1","longest_backlog_run_fraction","100","0.724444","0.777778","0.690556","0.756111","false"
"3x3","uct-0100","1","qualifying_departures","100","17.010000","17.000000","16.270000","17.750000","false"
"3x3","uct-0100","1","persistent_revisits","100","9.670000","9.000000","9.000000","10.310000","false"
"3x3","uct-0100","1","reactivation_revisits","100","2.320000","2.000000","2.040000","2.600000","false"
"3x3","uct-0100","1","never_revisited","100","1.280000","1.000000","1.100000","1.470000","false"
"3x3","uct-0100","1","right_censored","100","3.740000","4.000000","3.530000","3.950000","false"
"3x3","uct-0100","1","revisit_rate_observed","100","0.901765","0.904546","0.887144","0.915935","false"
"3x3","uct-0100","1","never_revisited_rate_observed","100","0.098235","0.095454","0.083453","0.112545","false"
"3x3","uct-0100","1","right_censored_rate","100","0.227447","0.219807","0.212275","0.243583","false"
"3x3","uct-0100","1","simple_end_revisit_rate","100","0.695431","0.700000","0.679138","0.710889","false"
"3x3","uct-0100","1","mean_revisit_lag","100","2.426283","2.333333","2.299644","2.554874","false"
"3x3","uct-0100","1","median_revisit_lag","100","1.785000","2.000000","1.655000","1.935000","false"
"3x3","uct-0100","1","mean_normalized_revisit_lag","100","0.134793","0.129630","0.128255","0.141646","false"
"3x3","uct-0100","1","distinct_revisited_regions","100","5.540000","6.000000","5.280000","5.800000","false"
"3x3","uct-0100","1","repeated_revisit_regions","100","3.520000","3.000000","3.270000","3.790000","false"
"3x3","uct-0100","1","revisit_within_four_turns_rate","100","0.718671","0.735088","0.691875","0.743214","false"
"3x3","uct-0100","1","early_revisit_within_quarter_rate","100","0.811512","0.857143","0.777512","0.844913","false"
"3x3","uct-0100","3","mean_dormant_active_fronts","100","0.330000","0.333333","0.306667","0.353889","false"
"3x3","uct-0100","3","dormant_ge1_turn_rate","100","0.293333","0.277778","0.273333","0.313889","false"
"3x3","uct-0100","3","dormant_ge2_turn_rate","100","0.036111","0.027778","0.027778","0.044445","false"
"3x3","uct-0100","3","longest_dormant_run_fraction","100","0.124445","0.111111","0.111111","0.140000","false"
"3x3","uct-0100","3","mean_backlog_size","100","1.804444","1.833333","1.726111","1.887222","false"
"3x3","uct-0100","3","max_backlog_size","100","3.910000","4.000000","3.770000","4.050000","false"
"3x3","uct-0100","3","backlog_ge1_turn_rate","100","0.806667","0.833333","0.791111","0.821667","false"
"3x3","uct-0100","3","backlog_ge2_turn_rate","100","0.587222","0.611111","0.559444","0.615000","false"
"3x3","uct-0100","3","longest_backlog_run_fraction","100","0.724444","0.777778","0.692778","0.756111","false"
"3x3","uct-0100","3","qualifying_departures","100","5.940000","6.000000","5.540000","6.370000","false"
"3x3","uct-0100","3","persistent_revisits","100","1.600000","1.000000","1.340000","1.850000","false"
"3x3","uct-0100","3","reactivation_revisits","100","2.320000","2.000000","2.040000","2.620000","false"
"3x3","uct-0100","3","never_revisited","100","0.300000","0.000000","0.200000","0.420000","false"
"3x3","uct-0100","3","right_censored","100","1.720000","2.000000","1.530000","1.910000","false"
"3x3","uct-0100","3","revisit_rate_observed","98","0.930224","1.000000","0.902697","0.956414","false"
"3x3","uct-0100","3","never_revisited_rate_observed","98","0.069776","0.000000","0.043926","0.097935","false"
"3x3","uct-0100","3","right_censored_rate","100","0.305575","0.320512","0.270929","0.343759","false"
"3x3","uct-0100","3","simple_end_revisit_rate","100","0.646298","0.666667","0.607447","0.684784","false"
"3x3","uct-0100","3","mean_revisit_lag","98","4.644307","4.600000","4.452227","4.852393","false"
"3x3","uct-0100","3","median_revisit_lag","98","4.224490","4.000000","4.000000","4.459184","false"
"3x3","uct-0100","3","mean_normalized_revisit_lag","98","0.258017","0.255556","0.246704","0.269845","false"
"3x3","uct-0100","3","distinct_revisited_regions","100","3.200000","3.000000","2.930000","3.470000","false"
"3x3","uct-0100","3","repeated_revisit_regions","100","0.700000","1.000000","0.540000","0.860000","false"
"3x3","uct-0100","3","revisit_within_four_turns_rate","100","0.449411","0.500000","0.403849","0.497253","false"
"3x3","uct-0100","3","early_revisit_within_quarter_rate","95","0.609123","0.666667","0.540351","0.675614","false"
"3x3","uct-0500","2","mean_dormant_active_fronts","100","0.713889","0.722222","0.669444","0.757222","false"
"3x3","uct-0500","2","dormant_ge1_turn_rate","100","0.543889","0.555556","0.517778","0.569445","false"
"3x3","uct-0500","2","dormant_ge2_turn_rate","100","0.146667","0.138889","0.127222","0.166667","false"
"3x3","uct-0500","2","longest_dormant_run_fraction","100","0.309444","0.277778","0.280556","0.339444","false"
"3x3","uct-0500","2","mean_backlog_size","100","1.531667","1.583333","1.458889","1.602778","false"
"3x3","uct-0500","2","max_backlog_size","100","3.370000","3.000000","3.230000","3.520000","false"
"3x3","uct-0500","2","backlog_ge1_turn_rate","100","0.793333","0.833333","0.775000","0.809444","false"
"3x3","uct-0500","2","backlog_ge2_turn_rate","100","0.502778","0.555556","0.468333","0.536111","false"
"3x3","uct-0500","2","longest_backlog_run_fraction","100","0.655556","0.722222","0.611667","0.697222","false"
"3x3","uct-0500","2","qualifying_departures","100","8.090000","8.000000","7.610000","8.600000","false"
"3x3","uct-0500","2","persistent_revisits","100","3.410000","3.000000","3.050000","3.800000","false"
"3x3","uct-0500","2","reactivation_revisits","100","1.860000","2.000000","1.660000","2.070000","false"
"3x3","uct-0500","2","never_revisited","100","0.890000","1.000000","0.730000","1.050000","false"
"3x3","uct-0500","2","right_censored","100","1.930000","2.000000","1.700000","2.140000","false"
"3x3","uct-0500","2","revisit_rate_observed","100","0.857121","0.857143","0.826208","0.885243","false"
"3x3","uct-0500","2","never_revisited_rate_observed","100","0.142879","0.142857","0.114569","0.174343","false"
"3x3","uct-0500","2","right_censored_rate","100","0.242434","0.226496","0.214048","0.273375","false"
"3x3","uct-0500","2","simple_end_revisit_rate","100","0.640829","0.666667","0.609359","0.668032","false"
"3x3","uct-0500","2","mean_revisit_lag","100","3.684730","3.414286","3.497639","3.888937","false"
"3x3","uct-0500","2","median_revisit_lag","100","3.235000","3.000000","3.015000","3.455000","false"
"3x3","uct-0500","2","mean_normalized_revisit_lag","100","0.204707","0.189683","0.193567","0.216054","false"
"3x3","uct-0500","2","distinct_revisited_regions","100","3.720000","4.000000","3.470000","3.980000","false"
"3x3","uct-0500","2","repeated_revisit_regions","100","1.310000","1.000000","1.130000","1.500000","false"
"3x3","uct-0500","2","revisit_within_four_turns_rate","100","0.555246","0.555556","0.511790","0.596575","false"
"3x3","uct-0500","2","early_revisit_within_quarter_rate","99","0.658899","0.666667","0.598653","0.716474","false"
"3x3","uct-0500","1","mean_dormant_active_fronts","100","1.531667","1.583333","1.456667","1.608333","false"
"3x3","uct-0500","1","dormant_ge1_turn_rate","100","0.793333","0.833333","0.776111","0.809444","false"
"3x3","uct-0500","1","dormant_ge2_turn_rate","100","0.502778","0.555556","0.467222","0.536111","false"
"3x3","uct-0500","1","longest_dormant_run_fraction","100","0.655556","0.722222","0.612778","0.697778","false"
"3x3","uct-0500","1","mean_backlog_size","100","1.531667","1.583333","1.456111","1.603333","false"
"3x3","uct-0500","1","max_backlog_size","100","3.370000","3.000000","3.220000","3.520000","false"
"3x3","uct-0500","1","backlog_ge1_turn_rate","100","0.793333","0.833333","0.775556","0.810000","false"
"3x3","uct-0500","1","backlog_ge2_turn_rate","100","0.502778","0.555556","0.467778","0.536111","false"
"3x3","uct-0500","1","longest_backlog_run_fraction","100","0.655556","0.722222","0.612222","0.698889","false"
"3x3","uct-0500","1","qualifying_departures","100","14.720000","15.000000","14.040000","15.370000","false"
"3x3","uct-0500","1","persistent_revisits","100","8.300000","8.000000","7.780000","8.860000","false"
"3x3","uct-0500","1","reactivation_revisits","100","1.860000","2.000000","1.660000","2.070000","false"
"3x3","uct-0500","1","never_revisited","100","1.360000","1.000000","1.130000","1.590000","false"
"3x3","uct-0500","1","right_censored","100","3.200000","3.000000","2.960000","3.450000","false"
"3x3","uct-0500","1","revisit_rate_observed","100","0.880674","0.888889","0.860528","0.900552","false"
"3x3","uct-0500","1","never_revisited_rate_observed","100","0.119326","0.111111","0.099747","0.140791","false"
"3x3","uct-0500","1","right_censored_rate","100","0.220493","0.218254","0.202184","0.237847","false"
"3x3","uct-0500","1","simple_end_revisit_rate","100","0.683713","0.692308","0.664990","0.701864","false"
"3x3","uct-0500","1","mean_revisit_lag","100","2.350756","2.211111","2.241890","2.464833","false"
"3x3","uct-0500","1","median_revisit_lag","100","1.665000","1.500000","1.535000","1.805000","false"
"3x3","uct-0500","1","mean_normalized_revisit_lag","100","0.130598","0.122839","0.124506","0.136831","false"
"3x3","uct-0500","1","distinct_revisited_regions","100","4.860000","5.000000","4.620000","5.110000","false"
"3x3","uct-0500","1","repeated_revisit_regions","100","3.060000","3.000000","2.840000","3.260000","false"
"3x3","uct-0500","1","revisit_within_four_turns_rate","100","0.708744","0.727273","0.683275","0.734932","false"
"3x3","uct-0500","1","early_revisit_within_quarter_rate","100","0.769408","0.777778","0.728186","0.809921","false"
"3x3","uct-0500","3","mean_dormant_active_fronts","100","0.264444","0.277778","0.245000","0.283889","false"
"3x3","uct-0500","3","dormant_ge1_turn_rate","100","0.241667","0.222222","0.223889","0.259444","false"
"3x3","uct-0500","3","dormant_ge2_turn_rate","100","0.022222","0.000000","0.016667","0.028334","false"
"3x3","uct-0500","3","longest_dormant_run_fraction","100","0.100000","0.111111","0.091667","0.108334","false"
"3x3","uct-0500","3","mean_backlog_size","100","1.531667","1.583333","1.460556","1.608333","false"
"3x3","uct-0500","3","max_backlog_size","100","3.370000","3.000000","3.230000","3.520000","false"
"3x3","uct-0500","3","backlog_ge1_turn_rate","100","0.793333","0.833333","0.776111","0.810556","false"
"3x3","uct-0500","3","backlog_ge2_turn_rate","100","0.502778","0.555556","0.469444","0.534445","false"
"3x3","uct-0500","3","longest_backlog_run_fraction","100","0.655556","0.722222","0.612222","0.696667","false"
"3x3","uct-0500","3","qualifying_departures","100","4.760000","5.000000","4.400000","5.120000","false"
"3x3","uct-0500","3","persistent_revisits","100","1.280000","1.000000","1.070000","1.500000","false"
"3x3","uct-0500","3","reactivation_revisits","100","1.860000","2.000000","1.660000","2.070000","false"
"3x3","uct-0500","3","never_revisited","100","0.260000","0.000000","0.160000","0.370000","false"
"3x3","uct-0500","3","right_censored","100","1.360000","1.000000","1.180000","1.550000","false"
"3x3","uct-0500","3","revisit_rate_observed","98","0.931778","1.000000","0.903231","0.960180","false"
"3x3","uct-0500","3","never_revisited_rate_observed","98","0.068222","0.000000","0.041521","0.097570","false"
"3x3","uct-0500","3","right_censored_rate","99","0.285217","0.250000","0.244136","0.326491","false"
"3x3","uct-0500","3","simple_end_revisit_rate","99","0.663961","0.666667","0.620972","0.706277","false"
"3x3","uct-0500","3","mean_revisit_lag","98","4.819558","4.416666","4.537415","5.119388","false"
"3x3","uct-0500","3","median_revisit_lag","98","4.551020","4.000000","4.239796","4.877551","false"
"3x3","uct-0500","3","mean_normalized_revisit_lag","98","0.267753","0.245370","0.252362","0.285129","false"
"3x3","uct-0500","3","distinct_revisited_regions","100","2.600000","3.000000","2.380000","2.830000","false"
"3x3","uct-0500","3","repeated_revisit_regions","100","0.500000","0.000000","0.390000","0.620000","false"
"3x3","uct-0500","3","revisit_within_four_turns_rate","98","0.445785","0.400000","0.392347","0.504689","false"
"3x3","uct-0500","3","early_revisit_within_quarter_rate","93","0.570251","0.500000","0.491577","0.647491","false"
"3x3","uct-1000","2","mean_dormant_active_fronts","100","0.569444","0.555556","0.527222","0.615000","true"
"3x3","uct-1000","2","dormant_ge1_turn_rate","100","0.445556","0.416666","0.417778","0.474444","true"
"3x3","uct-1000","2","dormant_ge2_turn_rate","100","0.111111","0.111111","0.093889","0.127778","true"
"3x3","uct-1000","2","longest_dormant_run_fraction","100","0.252222","0.222222","0.224445","0.282222","true"
"3x3","uct-1000","2","mean_backlog_size","100","1.286667","1.222222","1.213333","1.361111","true"
"3x3","uct-1000","2","max_backlog_size","100","3.050000","3.000000","2.900000","3.190000","true"
"3x3","uct-1000","2","backlog_ge1_turn_rate","100","0.746667","0.777778","0.725555","0.767222","true"
"3x3","uct-1000","2","backlog_ge2_turn_rate","100","0.390000","0.388889","0.355556","0.424444","true"
"3x3","uct-1000","2","longest_backlog_run_fraction","100","0.575000","0.555556","0.533889","0.616111","true"
"3x3","uct-1000","2","qualifying_departures","100","6.640000","7.000000","6.170000","7.110000","true"
"3x3","uct-1000","2","persistent_revisits","100","2.460000","2.000000","2.150000","2.780000","true"
"3x3","uct-1000","2","reactivation_revisits","100","1.450000","1.000000","1.250000","1.670000","true"
"3x3","uct-1000","2","never_revisited","100","1.150000","1.000000","0.940000","1.360000","true"
"3x3","uct-1000","2","right_censored","100","1.580000","1.000000","1.360000","1.800000","true"
"3x3","uct-1000","2","revisit_rate_observed","100","0.773782","0.788889","0.731607","0.814433","true"
"3x3","uct-1000","2","never_revisited_rate_observed","100","0.226218","0.211111","0.185087","0.269968","true"
"3x3","uct-1000","2","right_censored_rate","100","0.237209","0.222222","0.204092","0.274167","true"
"3x3","uct-1000","2","simple_end_revisit_rate","100","0.581745","0.600000","0.540577","0.619276","true"
"3x3","uct-1000","2","mean_revisit_lag","99","3.504898","3.500000","3.315320","3.701844","true"
"3x3","uct-1000","2","median_revisit_lag","99","3.111111","3.000000","2.919192","3.313131","true"
"3x3","uct-1000","2","mean_normalized_revisit_lag","99","0.194717","0.194444","0.184291","0.204964","true"
"3x3","uct-1000","2","distinct_revisited_regions","100","2.920000","3.000000","2.670000","3.160000","true"
"3x3","uct-1000","2","repeated_revisit_regions","100","0.870000","1.000000","0.710000","1.040000","true"
"3x3","uct-1000","2","revisit_within_four_turns_rate","100","0.515734","0.500000","0.463710","0.564937","true"
"3x3","uct-1000","2","early_revisit_within_quarter_rate","96","0.654613","0.666667","0.595015","0.718328","true"
"3x3","uct-1000","1","mean_dormant_active_fronts","100","1.286667","1.222222","1.211111","1.360000","false"
"3x3","uct-1000","1","dormant_ge1_turn_rate","100","0.746667","0.777778","0.724444","0.766667","false"
"3x3","uct-1000","1","dormant_ge2_turn_rate","100","0.390000","0.388889","0.355556","0.422222","false"
"3x3","uct-1000","1","longest_dormant_run_fraction","100","0.575000","0.555556","0.533889","0.616111","false"
"3x3","uct-1000","1","mean_backlog_size","100","1.286667","1.222222","1.212222","1.361111","false"
"3x3","uct-1000","1","max_backlog_size","100","3.050000","3.000000","2.890000","3.210000","false"
"3x3","uct-1000","1","backlog_ge1_turn_rate","100","0.746667","0.777778","0.725556","0.766667","false"
"3x3","uct-1000","1","backlog_ge2_turn_rate","100","0.390000","0.388889","0.357778","0.425000","false"
"3x3","uct-1000","1","longest_backlog_run_fraction","100","0.575000","0.555556","0.534444","0.617778","false"
"3x3","uct-1000","1","qualifying_departures","100","12.910000","13.000000","12.260000","13.590000","false"
"3x3","uct-1000","1","persistent_revisits","100","7.380000","7.000000","6.800000","7.950000","false"
"3x3","uct-1000","1","reactivation_revisits","100","1.450000","1.000000","1.240000","1.660000","false"
"3x3","uct-1000","1","never_revisited","100","1.530000","1.000000","1.310000","1.760000","false"
"3x3","uct-1000","1","right_censored","100","2.550000","3.000000","2.330000","2.750000","false"
"3x3","uct-1000","1","revisit_rate_observed","100","0.842061","0.857143","0.813492","0.868800","false"
"3x3","uct-1000","1","never_revisited_rate_observed","100","0.157939","0.142857","0.131380","0.185860","false"
"3x3","uct-1000","1","right_censored_rate","100","0.204613","0.200000","0.186473","0.222922","false"
"3x3","uct-1000","1","simple_end_revisit_rate","100","0.669744","0.687500","0.643669","0.693735","false"
"3x3","uct-1000","1","mean_revisit_lag","100","2.146050","2.080128","2.019009","2.277752","false"
"3x3","uct-1000","1","median_revisit_lag","100","1.510000","1.000000","1.370000","1.665000","false"
"3x3","uct-1000","1","mean_normalized_revisit_lag","100","0.119225","0.115563","0.112649","0.126769","false"
"3x3","uct-1000","1","distinct_revisited_regions","100","4.450000","4.000000","4.220000","4.690000","false"
"3x3","uct-1000","1","repeated_revisit_regions","100","2.520000","3.000000","2.270000","2.760000","false"
"3x3","uct-1000","1","revisit_within_four_turns_rate","100","0.690486","0.700000","0.654850","0.723646","false"
"3x3","uct-1000","1","early_revisit_within_quarter_rate","100","0.773671","0.833333","0.729298","0.817397","false"
"3x3","uct-1000","3","mean_dormant_active_fronts","100","0.200556","0.166667","0.180556","0.220000","false"
"3x3","uct-1000","3","dormant_ge1_turn_rate","100","0.187222","0.166667","0.168889","0.206111","false"
"3x3","uct-1000","3","dormant_ge2_turn_rate","100","0.012778","0.000000","0.007778","0.018333","false"
"3x3","uct-1000","3","longest_dormant_run_fraction","100","0.090000","0.055556","0.081111","0.099445","false"
"3x3","uct-1000","3","mean_backlog_size","100","1.286667","1.222222","1.215556","1.360000","false"
"3x3","uct-1000","3","max_backlog_size","100","3.050000","3.000000","2.890000","3.210000","false"
"3x3","uct-1000","3","backlog_ge1_turn_rate","100","0.746667","0.777778","0.725556","0.767222","false"
"3x3","uct-1000","3","backlog_ge2_turn_rate","100","0.390000","0.388889","0.356111","0.425000","false"
"3x3","uct-1000","3","longest_backlog_run_fraction","100","0.575000","0.555556","0.530555","0.616667","false"
"3x3","uct-1000","3","qualifying_departures","100","3.610000","3.000000","3.240000","3.970000","false"
"3x3","uct-1000","3","persistent_revisits","100","0.890000","1.000000","0.710000","1.090000","false"
"3x3","uct-1000","3","reactivation_revisits","100","1.450000","1.000000","1.240000","1.660000","false"
"3x3","uct-1000","3","never_revisited","100","0.240000","0.000000","0.150000","0.340000","false"
"3x3","uct-1000","3","right_censored","100","1.030000","1.000000","0.850000","1.210000","false"
"3x3","uct-1000","3","revisit_rate_observed","93","0.911086","1.000000","0.868075","0.948387","false"
"3x3","uct-1000","3","never_revisited_rate_observed","93","0.088914","0.000000","0.050384","0.130876","false"
"3x3","uct-1000","3","right_censored_rate","98","0.288508","0.250000","0.236613","0.343610","false"
"3x3","uct-1000","3","simple_end_revisit_rate","98","0.649490","0.666667","0.593161","0.703353","false"
"3x3","uct-1000","3","mean_revisit_lag","91","4.726007","4.333333","4.436630","5.031136","false"
"3x3","uct-1000","3","median_revisit_lag","91","4.516484","4.000000","4.219780","4.884615","false"
"3x3","uct-1000","3","mean_normalized_revisit_lag","91","0.262556","0.240741","0.245635","0.280159","false"
"3x3","uct-1000","3","distinct_revisited_regions","100","2.010000","2.000000","1.770000","2.250000","false"
"3x3","uct-1000","3","repeated_revisit_regions","100","0.330000","0.000000","0.230000","0.440000","false"
"3x3","uct-1000","3","revisit_within_four_turns_rate","97","0.406406","0.428571","0.342906","0.467624","false"
"3x3","uct-1000","3","early_revisit_within_quarter_rate","82","0.608740","0.666667","0.525813","0.689837","false"
"4x4","seeded-random","2","mean_dormant_active_fronts","100","1.259167","1.291667","1.210833","1.307500","false"
"4x4","seeded-random","2","dormant_ge1_turn_rate","100","0.722083","0.750000","0.704583","0.739583","false"
"4x4","seeded-random","2","dormant_ge2_turn_rate","100","0.397083","0.375000","0.375000","0.420417","false"
"4x4","seeded-random","2","longest_dormant_run_fraction","100","0.487083","0.458333","0.450417","0.524583","false"
"4x4","seeded-random","2","mean_backlog_size","100","2.480417","2.458333","2.402500","2.555833","false"
"4x4","seeded-random","2","max_backlog_size","100","4.930000","5.000000","4.800000","5.060000","false"
"4x4","seeded-random","2","backlog_ge1_turn_rate","100","0.865833","0.875000","0.855000","0.876250","false"
"4x4","seeded-random","2","backlog_ge2_turn_rate","100","0.744167","0.750000","0.723750","0.762500","false"
"4x4","seeded-random","2","longest_backlog_run_fraction","100","0.821667","0.875000","0.795833","0.846667","false"
"4x4","seeded-random","2","qualifying_departures","100","18.550000","19.000000","17.840000","19.270000","false"
"4x4","seeded-random","2","persistent_revisits","100","9.130000","9.000000","8.570000","9.680000","false"
"4x4","seeded-random","2","reactivation_revisits","100","5.370000","5.000000","4.980000","5.780000","false"
"4x4","seeded-random","2","never_revisited","100","0.460000","0.000000","0.320000","0.610000","false"
"4x4","seeded-random","2","right_censored","100","3.590000","4.000000","3.410000","3.770000","false"
"4x4","seeded-random","2","revisit_rate_observed","100","0.968941","1.000000","0.958823","0.978393","false"
"4x4","seeded-random","2","never_revisited_rate_observed","100","0.031059","0.000000","0.021470","0.041703","false"
"4x4","seeded-random","2","right_censored_rate","100","0.197693","0.195238","0.187592","0.207922","false"
"4x4","seeded-random","2","simple_end_revisit_rate","100","0.777596","0.787594","0.764764","0.789349","false"
"4x4","seeded-random","2","mean_revisit_lag","100","3.577346","3.537434","3.486182","3.670456","false"
"4x4","seeded-random","2","median_revisit_lag","100","2.970000","3.000000","2.860000","3.085000","false"
"4x4","seeded-random","2","mean_normalized_revisit_lag","100","0.149056","0.147393","0.145453","0.152801","false"
"4x4","seeded-random","2","distinct_revisited_regions","100","6.890000","7.000000","6.630000","7.140000","false"
"4x4","seeded-random","2","repeated_revisit_regions","100","4.770000","5.000000","4.540000","5.020000","false"
"4x4","seeded-random","2","revisit_within_four_turns_rate","100","0.664462","0.647059","0.644241","0.685372","false"
"4x4","seeded-random","2","early_revisit_within_quarter_rate","100","0.839329","0.857143","0.810746","0.866444","false"
"4x4","seeded-random","1","mean_dormant_active_fronts","100","2.480417","2.458333","2.396667","2.556667","false"
"4x4","seeded-random","1","dormant_ge1_turn_rate","100","0.865833","0.875000","0.855000","0.875833","false"
"4x4","seeded-random","1","dormant_ge2_turn_rate","100","0.744167","0.750000","0.724583","0.763333","false"
"4x4","seeded-random","1","longest_dormant_run_fraction","100","0.821667","0.875000","0.795417","0.846250","false"
"4x4","seeded-random","1","mean_backlog_size","100","2.480417","2.458333","2.398750","2.560417","false"
"4x4","seeded-random","1","max_backlog_size","100","4.930000","5.000000","4.800000","5.070000","false"
"4x4","seeded-random","1","backlog_ge1_turn_rate","100","0.865833","0.875000","0.855417","0.876250","false"
"4x4","seeded-random","1","backlog_ge2_turn_rate","100","0.744167","0.750000","0.725000","0.762083","false"
"4x4","seeded-random","1","longest_backlog_run_fraction","100","0.821667","0.875000","0.794167","0.846250","false"
"4x4","seeded-random","1","qualifying_departures","100","29.310000","30.000000","28.410000","30.230000","false"
"4x4","seeded-random","1","persistent_revisits","100","18.010000","18.000000","17.280000","18.770000","false"
"4x4","seeded-random","1","reactivation_revisits","100","5.370000","5.000000","4.980000","5.800000","false"
"4x4","seeded-random","1","never_revisited","100","0.620000","0.000000","0.460000","0.780000","false"
"4x4","seeded-random","1","right_censored","100","5.310000","5.000000","5.140000","5.480000","false"
"4x4","seeded-random","1","revisit_rate_observed","100","0.973832","1.000000","0.967453","0.980333","false"
"4x4","seeded-random","1","never_revisited_rate_observed","100","0.026168","0.000000","0.019467","0.032932","false"
"4x4","seeded-random","1","right_censored_rate","100","0.184159","0.178571","0.177576","0.191046","false"
"4x4","seeded-random","1","simple_end_revisit_rate","100","0.794381","0.800000","0.785770","0.802199","false"
"4x4","seeded-random","1","mean_revisit_lag","100","2.599302","2.596297","2.533395","2.667555","false"
"4x4","seeded-random","1","median_revisit_lag","100","1.960000","2.000000","1.885000","2.040000","false"
"4x4","seeded-random","1","mean_normalized_revisit_lag","100","0.108304","0.108179","0.105437","0.111099","false"
"4x4","seeded-random","1","distinct_revisited_regions","100","7.470000","8.000000","7.240000","7.690000","false"
"4x4","seeded-random","1","repeated_revisit_regions","100","6.110000","6.000000","5.870000","6.340000","false"
"4x4","seeded-random","1","revisit_within_four_turns_rate","100","0.768669","0.770979","0.752863","0.784548","false"
"4x4","seeded-random","1","early_revisit_within_quarter_rate","100","0.884176","0.894445","0.862952","0.903447","false"
"4x4","seeded-random","3","mean_dormant_active_fronts","100","0.486250","0.500000","0.462500","0.509583","false"
"4x4","seeded-random","3","dormant_ge1_turn_rate","100","0.402083","0.416667","0.383750","0.420417","false"
"4x4","seeded-random","3","dormant_ge2_turn_rate","100","0.079583","0.083333","0.070417","0.089167","false"
"4x4","seeded-random","3","longest_dormant_run_fraction","100","0.143333","0.125000","0.132083","0.155000","false"
"4x4","seeded-random","3","mean_backlog_size","100","2.480417","2.458333","2.402500","2.559167","false"
"4x4","seeded-random","3","max_backlog_size","100","4.930000","5.000000","4.800000","5.070000","false"
"4x4","seeded-random","3","backlog_ge1_turn_rate","100","0.865833","0.875000","0.855000","0.876250","false"
"4x4","seeded-random","3","backlog_ge2_turn_rate","100","0.744167","0.750000","0.724167","0.762917","false"
"4x4","seeded-random","3","longest_backlog_run_fraction","100","0.821667","0.875000","0.795417","0.846250","false"
"4x4","seeded-random","3","qualifying_departures","100","11.670000","12.000000","11.120000","12.220000","false"
"4x4","seeded-random","3","persistent_revisits","100","3.530000","3.000000","3.160000","3.900000","false"
"4x4","seeded-random","3","reactivation_revisits","100","5.370000","5.000000","4.960000","5.780000","false"
"4x4","seeded-random","3","never_revisited","100","0.310000","0.000000","0.200000","0.430000","false"
"4x4","seeded-random","3","right_censored","100","2.460000","2.000000","2.270000","2.650000","false"
"4x4","seeded-random","3","revisit_rate_observed","100","0.964407","1.000000","0.948668","0.978328","false"
"4x4","seeded-random","3","never_revisited_rate_observed","100","0.035593","0.000000","0.022184","0.052298","false"
"4x4","seeded-random","3","right_censored_rate","100","0.214413","0.214286","0.197730","0.231756","false"
"4x4","seeded-random","3","simple_end_revisit_rate","100","0.758012","0.769231","0.737536","0.775779","false"
"4x4","seeded-random","3","mean_revisit_lag","100","4.576345","4.535715","4.464297","4.696513","false"
"4x4","seeded-random","3","median_revisit_lag","100","3.975000","4.000000","3.825000","4.125000","false"
"4x4","seeded-random","3","mean_normalized_revisit_lag","100","0.190681","0.188988","0.186121","0.195818","false"
"4x4","seeded-random","3","distinct_revisited_regions","100","5.800000","6.000000","5.520000","6.090000","false"
"4x4","seeded-random","3","repeated_revisit_regions","100","2.530000","2.000000","2.290000","2.770000","false"
"4x4","seeded-random","3","revisit_within_four_turns_rate","100","0.511274","0.529412","0.481283","0.539680","false"
"4x4","seeded-random","3","early_revisit_within_quarter_rate","99","0.766570","0.800000","0.724355","0.806437","false"
"4x4","uct-0100","2","mean_dormant_active_fronts","100","1.165000","1.145833","1.115000","1.212083","false"
"4x4","uct-0100","2","dormant_ge1_turn_rate","100","0.700833","0.708333","0.680417","0.719583","false"
"4x4","uct-0100","2","dormant_ge2_turn_rate","100","0.361667","0.375000","0.340000","0.384167","false"
"4x4","uct-0100","2","longest_dormant_run_fraction","100","0.492917","0.458333","0.454167","0.532917","false"
"4x4","uct-0100","2","mean_backlog_size","100","2.319167","2.333333","2.231667","2.407917","false"
"4x4","uct-0100","2","max_backlog_size","100","4.700000","5.000000","4.570000","4.840000","false"
"4x4","uct-0100","2","backlog_ge1_turn_rate","100","0.850417","0.875000","0.837917","0.862083","false"
"4x4","uct-0100","2","backlog_ge2_turn_rate","100","0.712500","0.750000","0.689583","0.733750","false"
"4x4","uct-0100","2","longest_backlog_run_fraction","100","0.803333","0.833333","0.778750","0.827500","false"
"4x4","uct-0100","2","qualifying_departures","100","16.830000","17.000000","16.170000","17.460000","false"
"4x4","uct-0100","2","persistent_revisits","100","7.630000","8.000000","7.090000","8.160000","false"
"4x4","uct-0100","2","reactivation_revisits","100","5.060000","5.000000","4.670000","5.450000","false"
"4x4","uct-0100","2","never_revisited","100","0.530000","0.000000","0.410000","0.660000","false"
"4x4","uct-0100","2","right_censored","100","3.610000","3.500000","3.420000","3.810000","false"
"4x4","uct-0100","2","revisit_rate_observed","100","0.957495","1.000000","0.946345","0.967971","false"
"4x4","uct-0100","2","never_revisited_rate_observed","100","0.042505","0.000000","0.032581","0.054171","false"
"4x4","uct-0100","2","right_censored_rate","100","0.219538","0.214286","0.207431","0.232263","false"
"4x4","uct-0100","2","simple_end_revisit_rate","100","0.746671","0.750000","0.733121","0.760042","false"
"4x4","uct-0100","2","mean_revisit_lag","100","3.837996","3.867521","3.723956","3.947462","false"
"4x4","uct-0100","2","median_revisit_lag","100","3.080000","3.000000","2.960000","3.200000","false"
"4x4","uct-0100","2","mean_normalized_revisit_lag","100","0.159917","0.161146","0.155148","0.164677","false"
"4x4","uct-0100","2","distinct_revisited_regions","100","6.350000","6.000000","6.080000","6.620000","false"
"4x4","uct-0100","2","repeated_revisit_regions","100","4.200000","4.000000","3.910000","4.480000","false"
"4x4","uct-0100","2","revisit_within_four_turns_rate","100","0.620258","0.620192","0.597427","0.642185","false"
"4x4","uct-0100","2","early_revisit_within_quarter_rate","100","0.793270","0.800000","0.763972","0.821876","false"
"4x4","uct-0100","1","mean_dormant_active_fronts","100","2.319167","2.333333","2.232500","2.401250","false"
"4x4","uct-0100","1","dormant_ge1_turn_rate","100","0.850417","0.875000","0.837500","0.862083","false"
"4x4","uct-0100","1","dormant_ge2_turn_rate","100","0.712500","0.750000","0.691667","0.734583","false"
"4x4","uct-0100","1","longest_dormant_run_fraction","100","0.803333","0.833333","0.779167","0.825417","false"
"4x4","uct-0100","1","mean_backlog_size","100","2.319167","2.333333","2.235000","2.402500","false"
"4x4","uct-0100","1","max_backlog_size","100","4.700000","5.000000","4.560000","4.840000","false"
"4x4","uct-0100","1","backlog_ge1_turn_rate","100","0.850417","0.875000","0.838333","0.862083","false"
"4x4","uct-0100","1","backlog_ge2_turn_rate","100","0.712500","0.750000","0.690417","0.734167","false"
"4x4","uct-0100","1","longest_backlog_run_fraction","100","0.803333","0.833333","0.779583","0.825833","false"
"4x4","uct-0100","1","qualifying_departures","100","27.700000","28.000000","26.650000","28.790000","false"
"4x4","uct-0100","1","persistent_revisits","100","16.760000","17.000000","15.840000","17.670000","false"
"4x4","uct-0100","1","reactivation_revisits","100","5.060000","5.000000","4.670000","5.450000","false"
"4x4","uct-0100","1","never_revisited","100","0.760000","1.000000","0.600000","0.910000","false"
"4x4","uct-0100","1","right_censored","100","5.120000","5.000000","4.900000","5.330000","false"
"4x4","uct-0100","1","revisit_rate_observed","100","0.964856","0.962963","0.957650","0.972214","false"
"4x4","uct-0100","1","never_revisited_rate_observed","100","0.035144","0.037037","0.027951","0.042307","false"
"4x4","uct-0100","1","right_censored_rate","100","0.189059","0.185185","0.180651","0.198727","false"
"4x4","uct-0100","1","simple_end_revisit_rate","100","0.782265","0.785714","0.772576","0.791880","false"
"4x4","uct-0100","1","mean_revisit_lag","100","2.651188","2.638182","2.579277","2.727880","false"
"4x4","uct-0100","1","median_revisit_lag","100","1.915000","2.000000","1.815000","2.010000","false"
"4x4","uct-0100","1","mean_normalized_revisit_lag","100","0.110466","0.109924","0.107438","0.113715","false"
"4x4","uct-0100","1","distinct_revisited_regions","100","7.080000","7.000000","6.850000","7.310000","false"
"4x4","uct-0100","1","repeated_revisit_regions","100","5.950000","6.000000","5.680000","6.210000","false"
"4x4","uct-0100","1","revisit_within_four_turns_rate","100","0.746172","0.755000","0.729424","0.761854","false"
"4x4","uct-0100","1","early_revisit_within_quarter_rate","100","0.860230","0.870834","0.840819","0.879238","false"
"4x4","uct-0100","3","mean_dormant_active_fronts","100","0.463750","0.458333","0.440000","0.487917","false"
"4x4","uct-0100","3","dormant_ge1_turn_rate","100","0.390833","0.375000","0.372500","0.409167","false"
"4x4","uct-0100","3","dormant_ge2_turn_rate","100","0.070000","0.083333","0.061667","0.078333","false"
"4x4","uct-0100","3","longest_dormant_run_fraction","100","0.149167","0.125000","0.135000","0.164167","false"
"4x4","uct-0100","3","mean_backlog_size","100","2.319167","2.333333","2.227500","2.401667","false"
"4x4","uct-0100","3","max_backlog_size","100","4.700000","5.000000","4.560000","4.830000","false"
"4x4","uct-0100","3","backlog_ge1_turn_rate","100","0.850417","0.875000","0.837500","0.862500","false"
"4x4","uct-0100","3","backlog_ge2_turn_rate","100","0.712500","0.750000","0.692083","0.733750","false"
"4x4","uct-0100","3","longest_backlog_run_fraction","100","0.803333","0.833333","0.779167","0.827083","false"
"4x4","uct-0100","3","qualifying_departures","100","11.130000","11.000000","10.580000","11.710000","false"
"4x4","uct-0100","3","persistent_revisits","100","3.100000","3.000000","2.730000","3.470000","false"
"4x4","uct-0100","3","reactivation_revisits","100","5.060000","5.000000","4.700000","5.450000","false"
"4x4","uct-0100","3","never_revisited","100","0.310000","0.000000","0.210000","0.420000","false"
"4x4","uct-0100","3","right_censored","100","2.660000","3.000000","2.470000","2.850000","false"
"4x4","uct-0100","3","revisit_rate_observed","100","0.961762","1.000000","0.947483","0.974876","false"
"4x4","uct-0100","3","never_revisited_rate_observed","100","0.038238","0.000000","0.025194","0.052571","false"
"4x4","uct-0100","3","right_censored_rate","100","0.253680","0.233032","0.232836","0.277446","false"
"4x4","uct-0100","3","simple_end_revisit_rate","100","0.717568","0.750000","0.693369","0.740409","false"
"4x4","uct-0100","3","mean_revisit_lag","100","4.957619","5.000000","4.766114","5.170522","false"
"4x4","uct-0100","3","median_revisit_lag","100","4.320000","4.000000","4.110000","4.560000","false"
"4x4","uct-0100","3","mean_normalized_revisit_lag","100","0.206567","0.208333","0.198765","0.216092","false"
"4x4","uct-0100","3","distinct_revisited_regions","100","5.410000","5.500000","5.110000","5.710000","false"
"4x4","uct-0100","3","repeated_revisit_regions","100","2.320000","2.000000","2.050000","2.590000","false"
"4x4","uct-0100","3","revisit_within_four_turns_rate","100","0.462213","0.444444","0.426905","0.496853","false"
"4x4","uct-0100","3","early_revisit_within_quarter_rate","100","0.688773","0.720779","0.641784","0.734461","false"
"4x4","uct-0500","2","mean_dormant_active_fronts","100","0.948333","0.979167","0.901667","0.991250","false"
"4x4","uct-0500","2","dormant_ge1_turn_rate","100","0.632917","0.625000","0.610417","0.654583","false"
"4x4","uct-0500","2","dormant_ge2_turn_rate","100","0.261250","0.250000","0.240833","0.282083","false"
"4x4","uct-0500","2","longest_dormant_run_fraction","100","0.343750","0.291667","0.313333","0.375833","false"
"4x4","uct-0500","2","mean_backlog_size","100","1.950833","1.979167","1.871667","2.025417","false"
"4x4","uct-0500","2","max_backlog_size","100","4.090000","4.000000","3.940000","4.240000","false"
"4x4","uct-0500","2","backlog_ge1_turn_rate","100","0.842083","0.875000","0.828333","0.854583","false"
"4x4","uct-0500","2","backlog_ge2_turn_rate","100","0.635417","0.645833","0.610000","0.661667","false"
"4x4","uct-0500","2","longest_backlog_run_fraction","100","0.747500","0.791667","0.709583","0.780000","false"
"4x4","uct-0500","2","qualifying_departures","100","13.590000","14.000000","12.950000","14.220000","false"
"4x4","uct-0500","2","persistent_revisits","100","5.300000","5.000000","4.860000","5.780000","false"
"4x4","uct-0500","2","reactivation_revisits","100","4.440000","4.000000","4.110000","4.770000","false"
"4x4","uct-0500","2","never_revisited","100","0.570000","0.000000","0.420000","0.730000","false"
"4x4","uct-0500","2","right_censored","100","3.280000","3.000000","3.070000","3.500000","false"
"4x4","uct-0500","2","revisit_rate_observed","100","0.942878","1.000000","0.926692","0.957335","false"
"4x4","uct-0500","2","never_revisited_rate_observed","100","0.057122","0.000000","0.042545","0.071816","false"
"4x4","uct-0500","2","right_censored_rate","100","0.249729","0.235294","0.232586","0.267890","false"
"4x4","uct-0500","2","simple_end_revisit_rate","100","0.706820","0.714286","0.687926","0.725591","false"
"4x4","uct-0500","2","mean_revisit_lag","100","4.352971","4.333333","4.196768","4.518548","false"
"4x4","uct-0500","2","median_revisit_lag","100","3.540000","3.000000","3.355000","3.720000","false"
"4x4","uct-0500","2","mean_normalized_revisit_lag","100","0.181374","0.180556","0.174506","0.188256","false"
"4x4","uct-0500","2","distinct_revisited_regions","100","5.540000","6.000000","5.280000","5.810000","false"
"4x4","uct-0500","2","repeated_revisit_regions","100","3.040000","3.000000","2.770000","3.320000","false"
"4x4","uct-0500","2","revisit_within_four_turns_rate","100","0.525752","0.538462","0.497272","0.555068","false"
"4x4","uct-0500","2","early_revisit_within_quarter_rate","100","0.713824","0.750000","0.669500","0.754916","false"
"4x4","uct-0500","1","mean_dormant_active_fronts","100","1.950833","1.979167","1.875417","2.028750","false"
"4x4","uct-0500","1","dormant_ge1_turn_rate","100","0.842083","0.875000","0.828333","0.855000","false"
"4x4","uct-0500","1","dormant_ge2_turn_rate","100","0.635417","0.645833","0.609583","0.662500","false"
"4x4","uct-0500","1","longest_dormant_run_fraction","100","0.747500","0.791667","0.712500","0.781667","false"
"4x4","uct-0500","1","mean_backlog_size","100","1.950833","1.979167","1.870833","2.028333","false"
"4x4","uct-0500","1","max_backlog_size","100","4.090000","4.000000","3.940000","4.240000","false"
"4x4","uct-0500","1","backlog_ge1_turn_rate","100","0.842083","0.875000","0.828333","0.855000","false"
"4x4","uct-0500","1","backlog_ge2_turn_rate","100","0.635417","0.645833","0.608333","0.662083","false"
"4x4","uct-0500","1","longest_backlog_run_fraction","100","0.747500","0.791667","0.710417","0.782083","false"
"4x4","uct-0500","1","qualifying_departures","100","24.060000","24.000000","23.150000","24.950000","false"
"4x4","uct-0500","1","persistent_revisits","100","14.240000","14.000000","13.500000","15.020000","false"
"4x4","uct-0500","1","reactivation_revisits","100","4.440000","4.000000","4.120000","4.790000","false"
"4x4","uct-0500","1","never_revisited","100","0.870000","1.000000","0.690000","1.070000","false"
"4x4","uct-0500","1","right_censored","100","4.510000","5.000000","4.280000","4.720000","false"
"4x4","uct-0500","1","revisit_rate_observed","100","0.954383","0.953463","0.944708","0.964059","false"
"4x4","uct-0500","1","never_revisited_rate_observed","100","0.045617","0.046537","0.036596","0.055437","false"
"4x4","uct-0500","1","right_censored_rate","100","0.191540","0.192308","0.181313","0.202283","false"
"4x4","uct-0500","1","simple_end_revisit_rate","100","0.771039","0.777778","0.759996","0.781710","false"
"4x4","uct-0500","1","mean_revisit_lag","100","2.715287","2.674243","2.624986","2.805114","false"
"4x4","uct-0500","1","median_revisit_lag","100","1.665000","2.000000","1.540000","1.780000","false"
"4x4","uct-0500","1","mean_normalized_revisit_lag","100","0.113137","0.111426","0.109378","0.117002","false"
"4x4","uct-0500","1","distinct_revisited_regions","100","6.480000","7.000000","6.250000","6.710000","false"
"4x4","uct-0500","1","repeated_revisit_regions","100","5.150000","5.000000","4.890000","5.410000","false"
"4x4","uct-0500","1","revisit_within_four_turns_rate","100","0.706570","0.714286","0.689264","0.725727","false"
"4x4","uct-0500","1","early_revisit_within_quarter_rate","100","0.820627","0.839743","0.790299","0.848672","false"
"4x4","uct-0500","3","mean_dormant_active_fronts","100","0.382083","0.375000","0.362500","0.403333","false"
"4x4","uct-0500","3","dormant_ge1_turn_rate","100","0.334167","0.333333","0.316250","0.352083","false"
"4x4","uct-0500","3","dormant_ge2_turn_rate","100","0.044583","0.041667","0.037500","0.052083","false"
"4x4","uct-0500","3","longest_dormant_run_fraction","100","0.116667","0.125000","0.106250","0.127083","false"
"4x4","uct-0500","3","mean_backlog_size","100","1.950833","1.979167","1.872917","2.028333","false"
"4x4","uct-0500","3","max_backlog_size","100","4.090000","4.000000","3.930000","4.240000","false"
"4x4","uct-0500","3","backlog_ge1_turn_rate","100","0.842083","0.875000","0.827917","0.855000","false"
"4x4","uct-0500","3","backlog_ge2_turn_rate","100","0.635417","0.645833","0.609583","0.662500","false"
"4x4","uct-0500","3","longest_backlog_run_fraction","100","0.747500","0.791667","0.710417","0.782083","false"
"4x4","uct-0500","3","qualifying_departures","100","9.170000","9.000000","8.680000","9.650000","false"
"4x4","uct-0500","3","persistent_revisits","100","2.150000","2.000000","1.860000","2.440000","false"
"4x4","uct-0500","3","reactivation_revisits","100","4.440000","4.000000","4.100000","4.770000","false"
"4x4","uct-0500","3","never_revisited","100","0.180000","0.000000","0.090000","0.290000","false"
"4x4","uct-0500","3","right_censored","100","2.400000","2.000000","2.210000","2.580000","false"
"4x4","uct-0500","3","revisit_rate_observed","100","0.975909","1.000000","0.962548","0.986837","false"
"4x4","uct-0500","3","never_revisited_rate_observed","100","0.024091","0.000000","0.012401","0.038940","false"
"4x4","uct-0500","3","right_censored_rate","100","0.271803","0.250000","0.248386","0.294452","false"
"4x4","uct-0500","3","simple_end_revisit_rate","100","0.710932","0.727273","0.686767","0.734840","false"
"4x4","uct-0500","3","mean_revisit_lag","100","5.465770","5.414286","5.244992","5.704676","false"
"4x4","uct-0500","3","median_revisit_lag","100","4.850000","5.000000","4.595000","5.110000","false"
"4x4","uct-0500","3","mean_normalized_revisit_lag","100","0.227740","0.225595","0.217821","0.237437","false"
"4x4","uct-0500","3","distinct_revisited_regions","100","4.790000","5.000000","4.540000","5.040000","false"
"4x4","uct-0500","3","repeated_revisit_regions","100","1.570000","1.000000","1.330000","1.790000","false"
"4x4","uct-0500","3","revisit_within_four_turns_rate","100","0.384555","0.375000","0.347150","0.421306","false"
"4x4","uct-0500","3","early_revisit_within_quarter_rate","98","0.616460","0.612500","0.563132","0.671599","false"
"4x4","uct-1000","2","mean_dormant_active_fronts","100","0.833750","0.833333","0.791667","0.876667","true"
"4x4","uct-1000","2","dormant_ge1_turn_rate","100","0.585417","0.583333","0.565000","0.606667","true"
"4x4","uct-1000","2","dormant_ge2_turn_rate","100","0.207500","0.187500","0.187083","0.229583","true"
"4x4","uct-1000","2","longest_dormant_run_fraction","100","0.287083","0.270834","0.263333","0.312917","true"
"4x4","uct-1000","2","mean_backlog_size","100","1.751667","1.770833","1.676250","1.822083","true"
"4x4","uct-1000","2","max_backlog_size","100","3.870000","4.000000","3.720000","4.030000","true"
"4x4","uct-1000","2","backlog_ge1_turn_rate","100","0.831667","0.833333","0.816667","0.846667","true"
"4x4","uct-1000","2","backlog_ge2_turn_rate","100","0.569583","0.583333","0.540833","0.598333","true"
"4x4","uct-1000","2","longest_backlog_run_fraction","100","0.677083","0.750000","0.633333","0.720417","true"
"4x4","uct-1000","2","qualifying_departures","100","11.870000","12.000000","11.270000","12.500000","true"
"4x4","uct-1000","2","persistent_revisits","100","4.360000","4.000000","3.970000","4.770000","true"
"4x4","uct-1000","2","reactivation_revisits","100","3.950000","3.500000","3.610000","4.310000","true"
"4x4","uct-1000","2","never_revisited","100","0.470000","0.000000","0.320000","0.630000","true"
"4x4","uct-1000","2","right_censored","100","3.090000","3.000000","2.850000","3.310000","true"
"4x4","uct-1000","2","revisit_rate_observed","100","0.946376","1.000000","0.929394","0.962573","true"
"4x4","uct-1000","2","never_revisited_rate_observed","100","0.053624","0.000000","0.037920","0.069811","true"
"4x4","uct-1000","2","right_censored_rate","100","0.262089","0.250000","0.245368","0.279195","true"
"4x4","uct-1000","2","simple_end_revisit_rate","100","0.696307","0.700000","0.677834","0.714169","true"
"4x4","uct-1000","2","mean_revisit_lag","100","4.638575","4.527778","4.429767","4.857723","true"
"4x4","uct-1000","2","median_revisit_lag","100","3.740000","3.500000","3.515000","3.995000","true"
"4x4","uct-1000","2","mean_normalized_revisit_lag","100","0.193274","0.188658","0.184085","0.201883","true"
"4x4","uct-1000","2","distinct_revisited_regions","100","4.960000","5.000000","4.710000","5.230000","true"
"4x4","uct-1000","2","repeated_revisit_regions","100","2.450000","2.000000","2.210000","2.700000","true"
"4x4","uct-1000","2","revisit_within_four_turns_rate","100","0.494370","0.500000","0.465358","0.523911","true"
"4x4","uct-1000","2","early_revisit_within_quarter_rate","100","0.644706","0.666667","0.601635","0.689429","true"
"4x4","uct-1000","1","mean_dormant_active_fronts","100","1.751667","1.770833","1.679167","1.829583","false"
"4x4","uct-1000","1","dormant_ge1_turn_rate","100","0.831667","0.833333","0.816667","0.847083","false"
"4x4","uct-1000","1","dormant_ge2_turn_rate","100","0.569583","0.583333","0.541250","0.600000","false"
"4x4","uct-1000","1","longest_dormant_run_fraction","100","0.677083","0.750000","0.633333","0.717500","false"
"4x4","uct-1000","1","mean_backlog_size","100","1.751667","1.770833","1.676250","1.822917","false"
"4x4","uct-1000","1","max_backlog_size","100","3.870000","4.000000","3.720000","4.030000","false"
"4x4","uct-1000","1","backlog_ge1_turn_rate","100","0.831667","0.833333","0.816250","0.846250","false"
"4x4","uct-1000","1","backlog_ge2_turn_rate","100","0.569583","0.583333","0.539167","0.597917","false"
"4x4","uct-1000","1","longest_backlog_run_fraction","100","0.677083","0.750000","0.634167","0.718333","false"
"4x4","uct-1000","1","qualifying_departures","100","22.030000","22.500000","21.120000","22.970000","false"
"4x4","uct-1000","1","persistent_revisits","100","12.950000","13.000000","12.230000","13.650000","false"
"4x4","uct-1000","1","reactivation_revisits","100","3.950000","3.500000","3.630000","4.320000","false"
"4x4","uct-1000","1","never_revisited","100","0.840000","1.000000","0.650000","1.040000","false"
"4x4","uct-1000","1","right_censored","100","4.290000","4.000000","4.040000","4.540000","false"
"4x4","uct-1000","1","revisit_rate_observed","100","0.950517","0.958333","0.939037","0.961358","false"
"4x4","uct-1000","1","never_revisited_rate_observed","100","0.049483","0.041667","0.039186","0.061157","false"
"4x4","uct-1000","1","right_censored_rate","100","0.196987","0.192308","0.186902","0.208267","false"
"4x4","uct-1000","1","simple_end_revisit_rate","100","0.762249","0.769697","0.751401","0.772656","false"
"4x4","uct-1000","1","mean_revisit_lag","100","2.784174","2.750000","2.669014","2.903625","false"
"4x4","uct-1000","1","median_revisit_lag","100","1.570000","1.500000","1.455000","1.680000","false"
"4x4","uct-1000","1","mean_normalized_revisit_lag","100","0.116007","0.114583","0.111071","0.120762","false"
"4x4","uct-1000","1","distinct_revisited_regions","100","6.190000","6.000000","5.960000","6.410000","false"
"4x4","uct-1000","1","repeated_revisit_regions","100","4.590000","5.000000","4.350000","4.850000","false"
"4x4","uct-1000","1","revisit_within_four_turns_rate","100","0.698382","0.705882","0.681123","0.715999","false"
"4x4","uct-1000","1","early_revisit_within_quarter_rate","100","0.787875","0.833333","0.758962","0.817189","false"
"4x4","uct-1000","3","mean_dormant_active_fronts","100","0.339167","0.333333","0.319583","0.359167","false"
"4x4","uct-1000","3","dormant_ge1_turn_rate","100","0.297500","0.291667","0.282083","0.314167","false"
"4x4","uct-1000","3","dormant_ge2_turn_rate","100","0.040000","0.041667","0.032917","0.047083","false"
"4x4","uct-1000","3","longest_dormant_run_fraction","100","0.095000","0.083333","0.087500","0.102917","false"
"4x4","uct-1000","3","mean_backlog_size","100","1.751667","1.770833","1.673333","1.824583","false"
"4x4","uct-1000","3","max_backlog_size","100","3.870000","4.000000","3.720000","4.020000","false"
"4x4","uct-1000","3","backlog_ge1_turn_rate","100","0.831667","0.833333","0.817083","0.845833","false"
"4x4","uct-1000","3","backlog_ge2_turn_rate","100","0.569583","0.583333","0.539583","0.599583","false"
"4x4","uct-1000","3","longest_backlog_run_fraction","100","0.677083","0.750000","0.635417","0.719583","false"
"4x4","uct-1000","3","qualifying_departures","100","8.140000","8.000000","7.650000","8.600000","false"
"4x4","uct-1000","3","persistent_revisits","100","1.760000","2.000000","1.520000","2.020000","false"
"4x4","uct-1000","3","reactivation_revisits","100","3.950000","3.500000","3.600000","4.310000","false"
"4x4","uct-1000","3","never_revisited","100","0.100000","0.000000","0.050000","0.160000","false"
"4x4","uct-1000","3","right_censored","100","2.330000","2.000000","2.120000","2.540000","false"
"4x4","uct-1000","3","revisit_rate_observed","100","0.984865","1.000000","0.975202","0.993710","false"
"4x4","uct-1000","3","never_revisited_rate_observed","100","0.015135","0.000000","0.006468","0.024540","false"
"4x4","uct-1000","3","right_censored_rate","100","0.287020","0.285714","0.263836","0.309427","false"
"4x4","uct-1000","3","simple_end_revisit_rate","100","0.701566","0.707143","0.678642","0.724191","false"
"4x4","uct-1000","3","mean_revisit_lag","100","5.779833","5.500000","5.530119","6.038619","false"
"4x4","uct-1000","3","median_revisit_lag","100","5.035000","5.000000","4.730000","5.360000","false"
"4x4","uct-1000","3","mean_normalized_revisit_lag","100","0.240826","0.229167","0.230445","0.251733","false"
"4x4","uct-1000","3","distinct_revisited_regions","100","4.090000","4.000000","3.840000","4.350000","false"
"4x4","uct-1000","3","repeated_revisit_regions","100","1.430000","1.000000","1.250000","1.610000","false"
"4x4","uct-1000","3","revisit_within_four_turns_rate","100","0.363601","0.333333","0.329600","0.395569","false"
"4x4","uct-1000","3","early_revisit_within_quarter_rate","99","0.539190","0.600000","0.477032","0.598605","false"
"6x6","seeded-random","2","mean_dormant_active_fronts","100","1.691667","1.708333","1.657083","1.727500","false"
"6x6","seeded-random","2","dormant_ge1_turn_rate","100","0.841458","0.854167","0.833125","0.850000","false"
"6x6","seeded-random","2","dormant_ge2_turn_rate","100","0.571667","0.562500","0.554375","0.588542","false"
"6x6","seeded-random","2","longest_dormant_run_fraction","100","0.563542","0.583333","0.527083","0.600833","false"
"6x6","seeded-random","2","mean_backlog_size","100","3.232917","3.229167","3.178750","3.287292","false"
"6x6","seeded-random","2","max_backlog_size","100","5.830000","6.000000","5.720000","5.950000","false"
"6x6","seeded-random","2","backlog_ge1_turn_rate","100","0.933333","0.937500","0.928750","0.937917","false"
"6x6","seeded-random","2","backlog_ge2_turn_rate","100","0.858125","0.875000","0.848125","0.867708","false"
"6x6","seeded-random","2","longest_backlog_run_fraction","100","0.920208","0.937500","0.911458","0.927917","false"
"6x6","seeded-random","2","qualifying_departures","100","48.090000","48.000000","47.030000","49.090000","false"
"6x6","seeded-random","2","persistent_revisits","100","23.880000","23.000000","23.000000","24.820000","false"
"6x6","seeded-random","2","reactivation_revisits","100","19.800000","20.000000","19.130000","20.430000","false"
"6x6","seeded-random","2","never_revisited","100","0.200000","0.000000","0.110000","0.310000","false"
"6x6","seeded-random","2","right_censored","100","4.210000","4.000000","4.040000","4.390000","false"
"6x6","seeded-random","2","revisit_rate_observed","100","0.995247","1.000000","0.992610","0.997514","false"
"6x6","seeded-random","2","never_revisited_rate_observed","100","0.004753","0.000000","0.002473","0.007413","false"
"6x6","seeded-random","2","right_censored_rate","100","0.088551","0.085106","0.084692","0.092784","false"
"6x6","seeded-random","2","simple_end_revisit_rate","100","0.907081","0.911111","0.902801","0.911353","false"
"6x6","seeded-random","2","mean_revisit_lag","100","4.157470","4.147748","4.093712","4.225886","false"
"6x6","seeded-random","2","median_revisit_lag","100","3.255000","3.000000","3.170000","3.340000","false"
"6x6","seeded-random","2","mean_normalized_revisit_lag","100","0.086614","0.086412","0.085224","0.087968","false"
"6x6","seeded-random","2","distinct_revisited_regions","100","8.820000","9.000000","8.730000","8.900000","false"
"6x6","seeded-random","2","repeated_revisit_regions","100","8.550000","9.000000","8.380000","8.690000","false"
"6x6","seeded-random","2","revisit_within_four_turns_rate","100","0.645190","0.653061","0.631891","0.658759","false"
"6x6","seeded-random","2","early_revisit_within_quarter_rate","100","0.966270","0.982143","0.957765","0.973619","false"
"6x6","seeded-random","1","mean_dormant_active_fronts","100","3.232917","3.229167","3.176875","3.288125","false"
"6x6","seeded-random","1","dormant_ge1_turn_rate","100","0.933333","0.937500","0.928750","0.937917","false"
"6x6","seeded-random","1","dormant_ge2_turn_rate","100","0.858125","0.875000","0.847292","0.868333","false"
"6x6","seeded-random","1","longest_dormant_run_fraction","100","0.920208","0.937500","0.911250","0.928542","false"
"6x6","seeded-random","1","mean_backlog_size","100","3.232917","3.229167","3.176250","3.290417","false"
"6x6","seeded-random","1","max_backlog_size","100","5.830000","6.000000","5.720000","5.940000","false"
"6x6","seeded-random","1","backlog_ge1_turn_rate","100","0.933333","0.937500","0.928750","0.937708","false"
"6x6","seeded-random","1","backlog_ge2_turn_rate","100","0.858125","0.875000","0.847917","0.867292","false"
"6x6","seeded-random","1","longest_backlog_run_fraction","100","0.920208","0.937500","0.911667","0.928542","false"
"6x6","seeded-random","1","qualifying_departures","100","73.980000","73.500000","72.710000","75.300000","false"
"6x6","seeded-random","1","persistent_revisits","100","47.690000","47.000000","46.450000","48.820000","false"
"6x6","seeded-random","1","reactivation_revisits","100","19.800000","20.000000","19.100000","20.430000","false"
"6x6","seeded-random","1","never_revisited","100","0.320000","0.000000","0.200000","0.450000","false"
"6x6","seeded-random","1","right_censored","100","6.170000","6.000000","6.060000","6.280000","false"
"6x6","seeded-random","1","revisit_rate_observed","100","0.995147","1.000000","0.993121","0.996902","false"
"6x6","seeded-random","1","never_revisited_rate_observed","100","0.004853","0.000000","0.003056","0.006719","false"
"6x6","seeded-random","1","right_censored_rate","100","0.083969","0.083333","0.082094","0.085989","false"
"6x6","seeded-random","1","simple_end_revisit_rate","100","0.911582","0.913580","0.908911","0.914151","false"
"6x6","seeded-random","1","mean_revisit_lag","100","3.039757","3.030310","2.993359","3.089158","false"
"6x6","seeded-random","1","median_revisit_lag","100","2.110000","2.000000","2.050000","2.175000","false"
"6x6","seeded-random","1","mean_normalized_revisit_lag","100","0.063328","0.063132","0.062329","0.064379","false"
"6x6","seeded-random","1","distinct_revisited_regions","100","8.840000","9.000000","8.770000","8.910000","false"
"6x6","seeded-random","1","repeated_revisit_regions","100","8.710000","9.000000","8.590000","8.810000","false"
"6x6","seeded-random","1","revisit_within_four_turns_rate","100","0.762010","0.763194","0.753068","0.771075","false"
"6x6","seeded-random","1","early_revisit_within_quarter_rate","100","0.974637","0.970143","0.969236","0.979938","false"
"6x6","seeded-random","3","mean_dormant_active_fronts","100","0.689792","0.708333","0.673750","0.706042","false"
"6x6","seeded-random","3","dormant_ge1_turn_rate","100","0.543750","0.541667","0.532917","0.554792","false"
"6x6","seeded-random","3","dormant_ge2_turn_rate","100","0.137500","0.145833","0.128333","0.147083","false"
"6x6","seeded-random","3","longest_dormant_run_fraction","100","0.131250","0.125000","0.123125","0.139792","false"
"6x6","seeded-random","3","mean_backlog_size","100","3.232917","3.229167","3.176250","3.290208","false"
"6x6","seeded-random","3","max_backlog_size","100","5.830000","6.000000","5.720000","5.940000","false"
"6x6","seeded-random","3","backlog_ge1_turn_rate","100","0.933333","0.937500","0.928750","0.937917","false"
"6x6","seeded-random","3","backlog_ge2_turn_rate","100","0.858125","0.875000","0.847083","0.867708","false"
"6x6","seeded-random","3","longest_backlog_run_fraction","100","0.920208","0.937500","0.911667","0.928333","false"
"6x6","seeded-random","3","qualifying_departures","100","33.110000","34.000000","32.300000","33.910000","false"
"6x6","seeded-random","3","persistent_revisits","100","10.050000","10.000000","9.420000","10.710000","false"
"6x6","seeded-random","3","reactivation_revisits","100","19.800000","20.000000","19.110000","20.490000","false"
"6x6","seeded-random","3","never_revisited","100","0.140000","0.000000","0.060000","0.230000","false"
"6x6","seeded-random","3","right_censored","100","3.120000","3.000000","2.940000","3.310000","false"
"6x6","seeded-random","3","revisit_rate_observed","100","0.995474","1.000000","0.992659","0.998122","false"
"6x6","seeded-random","3","never_revisited_rate_observed","100","0.004526","0.000000","0.002172","0.007528","false"
"6x6","seeded-random","3","right_censored_rate","100","0.095398","0.091966","0.089150","0.102168","false"
"6x6","seeded-random","3","simple_end_revisit_rate","100","0.900400","0.903226","0.894057","0.906603","false"
"6x6","seeded-random","3","mean_revisit_lag","100","5.159365","5.153529","5.061835","5.258607","false"
"6x6","seeded-random","3","median_revisit_lag","100","4.365000","4.000000","4.250000","4.490000","false"
"6x6","seeded-random","3","mean_normalized_revisit_lag","100","0.107487","0.107365","0.105561","0.109573","false"
"6x6","seeded-random","3","distinct_revisited_regions","100","8.740000","9.000000","8.640000","8.830000","false"
"6x6","seeded-random","3","repeated_revisit_regions","100","8.120000","8.000000","7.930000","8.310000","false"
"6x6","seeded-random","3","revisit_within_four_turns_rate","100","0.498185","0.507576","0.480740","0.517038","false"
"6x6","seeded-random","3","early_revisit_within_quarter_rate","100","0.951804","1.000000","0.940340","0.963443","false"
"6x6","uct-0100","2","mean_dormant_active_fronts","50","1.679167","1.687500","1.642500","1.717083","false"
"6x6","uct-0100","2","dormant_ge1_turn_rate","50","0.832500","0.833333","0.821667","0.843333","false"
"6x6","uct-0100","2","dormant_ge2_turn_rate","50","0.572917","0.572917","0.556250","0.590000","false"
"6x6","uct-0100","2","longest_dormant_run_fraction","50","0.538333","0.531250","0.491250","0.585000","false"
"6x6","uct-0100","2","mean_backlog_size","50","3.225833","3.260416","3.157917","3.291250","false"
"6x6","uct-0100","2","max_backlog_size","50","5.860000","6.000000","5.740000","5.980000","false"
"6x6","uct-0100","2","backlog_ge1_turn_rate","50","0.925000","0.916667","0.917500","0.932500","false"
"6x6","uct-0100","2","backlog_ge2_turn_rate","50","0.864167","0.864583","0.852917","0.875000","false"
"6x6","uct-0100","2","longest_backlog_run_fraction","50","0.909583","0.916667","0.895000","0.921667","false"
"6x6","uct-0100","2","qualifying_departures","50","47.620000","48.000000","46.520000","48.700000","false"
"6x6","uct-0100","2","persistent_revisits","50","23.760000","24.000000","22.600000","24.880000","false"
"6x6","uct-0100","2","reactivation_revisits","50","19.120000","19.000000","18.160000","20.060000","false"
"6x6","uct-0100","2","never_revisited","50","0.280000","0.000000","0.140000","0.440000","false"
"6x6","uct-0100","2","right_censored","50","4.460000","4.000000","4.200000","4.700000","false"
"6x6","uct-0100","2","revisit_rate_observed","50","0.993212","1.000000","0.989003","0.996737","false"
"6x6","uct-0100","2","never_revisited_rate_observed","50","0.006788","0.000000","0.003176","0.011083","false"
"6x6","uct-0100","2","right_censored_rate","50","0.094329","0.090097","0.088642","0.100412","false"
"6x6","uct-0100","2","simple_end_revisit_rate","50","0.899529","0.905660","0.892523","0.906239","false"
"6x6","uct-0100","2","mean_revisit_lag","50","4.141923","4.116848","4.064402","4.217664","false"
"6x6","uct-0100","2","median_revisit_lag","50","3.250000","3.000000","3.140000","3.370000","false"
"6x6","uct-0100","2","mean_normalized_revisit_lag","50","0.086290","0.085767","0.084710","0.087990","false"
"6x6","uct-0100","2","distinct_revisited_regions","50","8.820000","9.000000","8.700000","8.920000","false"
"6x6","uct-0100","2","repeated_revisit_regions","50","8.540000","9.000000","8.400000","8.700000","false"
"6x6","uct-0100","2","revisit_within_four_turns_rate","50","0.654604","0.659091","0.634985","0.675102","false"
"6x6","uct-0100","2","early_revisit_within_quarter_rate","50","0.954221","0.952381","0.941862","0.966058","false"
"6x6","uct-0100","1","mean_dormant_active_fronts","50","3.225833","3.260416","3.157083","3.290417","false"
"6x6","uct-0100","1","dormant_ge1_turn_rate","50","0.925000","0.916667","0.917500","0.932500","false"
"6x6","uct-0100","1","dormant_ge2_turn_rate","50","0.864167","0.864583","0.852500","0.875000","false"
"6x6","uct-0100","1","longest_dormant_run_fraction","50","0.909583","0.916667","0.895833","0.922500","false"
"6x6","uct-0100","1","mean_backlog_size","50","3.225833","3.260416","3.157083","3.287917","false"
"6x6","uct-0100","1","max_backlog_size","50","5.860000","6.000000","5.740000","5.980000","false"
"6x6","uct-0100","1","backlog_ge1_turn_rate","50","0.925000","0.916667","0.917500","0.932500","false"
"6x6","uct-0100","1","backlog_ge2_turn_rate","50","0.864167","0.864583","0.852500","0.874583","false"
"6x6","uct-0100","1","longest_backlog_run_fraction","50","0.909583","0.916667","0.896667","0.921667","false"
"6x6","uct-0100","1","qualifying_departures","50","74.240000","75.000000","72.460000","75.900000","false"
"6x6","uct-0100","1","persistent_revisits","50","48.520000","48.000000","46.900000","50.100000","false"
"6x6","uct-0100","1","reactivation_revisits","50","19.120000","19.000000","18.160000","20.140000","false"
"6x6","uct-0100","1","never_revisited","50","0.380000","0.000000","0.220000","0.560000","false"
"6x6","uct-0100","1","right_censored","50","6.220000","6.000000","6.060000","6.380000","false"
"6x6","uct-0100","1","revisit_rate_observed","50","0.994190","1.000000","0.991413","0.996776","false"
"6x6","uct-0100","1","never_revisited_rate_observed","50","0.005810","0.000000","0.003199","0.008731","false"
"6x6","uct-0100","1","right_censored_rate","50","0.084313","0.083333","0.081451","0.087301","false"
"6x6","uct-0100","1","simple_end_revisit_rate","50","0.910359","0.912218","0.906708","0.914083","false"
"6x6","uct-0100","1","mean_revisit_lag","50","2.995164","3.030952","2.934436","3.054772","false"
"6x6","uct-0100","1","median_revisit_lag","50","2.080000","2.000000","2.020000","2.160000","false"
"6x6","uct-0100","1","mean_normalized_revisit_lag","50","0.062399","0.063144","0.061088","0.063684","false"
"6x6","uct-0100","1","distinct_revisited_regions","50","8.860000","9.000000","8.760000","8.940000","false"
"6x6","uct-0100","1","repeated_revisit_regions","50","8.700000","9.000000","8.560000","8.820000","false"
"6x6","uct-0100","1","revisit_within_four_turns_rate","50","0.771569","0.768674","0.757251","0.785000","false"
"6x6","uct-0100","1","early_revisit_within_quarter_rate","50","0.968351","0.967742","0.959583","0.976325","false"
"6x6","uct-0100","3","mean_dormant_active_fronts","50","0.687083","0.687500","0.668750","0.705000","false"
"6x6","uct-0100","3","dormant_ge1_turn_rate","50","0.538750","0.541667","0.524583","0.552083","false"
"6x6","uct-0100","3","dormant_ge2_turn_rate","50","0.138750","0.145833","0.128750","0.148750","false"
"6x6","uct-0100","3","longest_dormant_run_fraction","50","0.117500","0.104167","0.107083","0.127917","false"
"6x6","uct-0100","3","mean_backlog_size","50","3.225833","3.260416","3.158750","3.290000","false"
"6x6","uct-0100","3","max_backlog_size","50","5.860000","6.000000","5.740000","5.980000","false"
"6x6","uct-0100","3","backlog_ge1_turn_rate","50","0.925000","0.916667","0.917500","0.932500","false"
"6x6","uct-0100","3","backlog_ge2_turn_rate","50","0.864167","0.864583","0.852500","0.874583","false"
"6x6","uct-0100","3","longest_backlog_run_fraction","50","0.909583","0.916667","0.895833","0.922083","false"
"6x6","uct-0100","3","qualifying_departures","50","32.980000","33.000000","32.220000","33.860000","false"
"6x6","uct-0100","3","persistent_revisits","50","10.560000","10.000000","9.820000","11.340000","false"
"6x6","uct-0100","3","reactivation_revisits","50","19.120000","19.000000","18.160000","20.160000","false"
"6x6","uct-0100","3","never_revisited","50","0.220000","0.000000","0.100000","0.360000","false"
"6x6","uct-0100","3","right_censored","50","3.080000","3.000000","2.780000","3.380000","false"
"6x6","uct-0100","3","revisit_rate_observed","50","0.992473","1.000000","0.987139","0.996754","false"
"6x6","uct-0100","3","never_revisited_rate_observed","50","0.007527","0.000000","0.003236","0.012715","false"
"6x6","uct-0100","3","right_censored_rate","50","0.094874","0.085714","0.084591","0.105730","false"
"6x6","uct-0100","3","simple_end_revisit_rate","50","0.898378","0.906250","0.886382","0.909823","false"
"6x6","uct-0100","3","mean_revisit_lag","50","5.098901","5.000000","4.997512","5.212593","false"
"6x6","uct-0100","3","median_revisit_lag","50","4.220000","4.000000","4.080000","4.360000","false"
"6x6","uct-0100","3","mean_normalized_revisit_lag","50","0.106227","0.104167","0.103946","0.108594","false"
"6x6","uct-0100","3","distinct_revisited_regions","50","8.740000","9.000000","8.600000","8.860000","false"
"6x6","uct-0100","3","repeated_revisit_regions","50","8.080000","8.000000","7.860000","8.300000","false"
"6x6","uct-0100","3","revisit_within_four_turns_rate","50","0.518758","0.516685","0.497018","0.540278","false"
"6x6","uct-0100","3","early_revisit_within_quarter_rate","50","0.933768","0.935416","0.914887","0.951003","false"
"6x6","uct-0500","2","mean_dormant_active_fronts","50","1.486250","1.458333","1.426250","1.547917","false"
"6x6","uct-0500","2","dormant_ge1_turn_rate","50","0.808750","0.812500","0.793333","0.822917","false"
"6x6","uct-0500","2","dormant_ge2_turn_rate","50","0.485833","0.468750","0.459583","0.512917","false"
"6x6","uct-0500","2","longest_dormant_run_fraction","50","0.444583","0.406250","0.398333","0.493333","false"
"6x6","uct-0500","2","mean_backlog_size","50","2.909167","2.833333","2.808750","3.007917","false"
"6x6","uct-0500","2","max_backlog_size","50","5.520000","6.000000","5.360000","5.680000","false"
"6x6","uct-0500","2","backlog_ge1_turn_rate","50","0.935000","0.937500","0.927917","0.941666","false"
"6x6","uct-0500","2","backlog_ge2_turn_rate","50","0.837083","0.843750","0.820000","0.852500","false"
"6x6","uct-0500","2","longest_backlog_run_fraction","50","0.895417","0.937500","0.868750","0.920000","false"
"6x6","uct-0500","2","qualifying_departures","50","41.440000","40.000000","39.860000","43.060000","false"
"6x6","uct-0500","2","persistent_revisits","50","19.920000","19.000000","18.560000","21.340000","false"
"6x6","uct-0500","2","reactivation_revisits","50","16.780000","17.000000","15.840000","17.780000","false"
"6x6","uct-0500","2","never_revisited","50","0.320000","0.000000","0.180000","0.480000","false"
"6x6","uct-0500","2","right_censored","50","4.420000","4.000000","4.140000","4.680000","false"
"6x6","uct-0500","2","revisit_rate_observed","50","0.991367","1.000000","0.987300","0.995228","false"
"6x6","uct-0500","2","never_revisited_rate_observed","50","0.008633","0.000000","0.004859","0.012969","false"
"6x6","uct-0500","2","right_censored_rate","50","0.108064","0.105823","0.101778","0.114993","false"
"6x6","uct-0500","2","simple_end_revisit_rate","50","0.884121","0.886752","0.876900","0.890564","false"
"6x6","uct-0500","2","mean_revisit_lag","50","4.315579","4.282194","4.182458","4.460135","false"
"6x6","uct-0500","2","median_revisit_lag","50","3.390000","3.000000","3.240000","3.550000","false"
"6x6","uct-0500","2","mean_normalized_revisit_lag","50","0.089908","0.089213","0.087208","0.092802","false"
"6x6","uct-0500","2","distinct_revisited_regions","50","8.300000","8.000000","8.100000","8.500000","false"
"6x6","uct-0500","2","repeated_revisit_regions","50","7.800000","8.000000","7.520000","8.060000","false"
"6x6","uct-0500","2","revisit_within_four_turns_rate","50","0.613682","0.631579","0.591558","0.636845","false"
"6x6","uct-0500","2","early_revisit_within_quarter_rate","50","0.970032","1.000000","0.956452","0.982105","false"
"6x6","uct-0500","1","mean_dormant_active_fronts","50","2.909167","2.833333","2.809583","3.005417","false"
"6x6","uct-0500","1","dormant_ge1_turn_rate","50","0.935000","0.937500","0.928333","0.941667","false"
"6x6","uct-0500","1","dormant_ge2_turn_rate","50","0.837083","0.843750","0.821667","0.852917","false"
"6x6","uct-0500","1","longest_dormant_run_fraction","50","0.895417","0.937500","0.867083","0.919167","false"
"6x6","uct-0500","1","mean_backlog_size","50","2.909167","2.833333","2.815417","3.005833","false"
"6x6","uct-0500","1","max_backlog_size","50","5.520000","6.000000","5.360000","5.660000","false"
"6x6","uct-0500","1","backlog_ge1_turn_rate","50","0.935000","0.937500","0.928333","0.941667","false"
"6x6","uct-0500","1","backlog_ge2_turn_rate","50","0.837083","0.843750","0.821250","0.852500","false"
"6x6","uct-0500","1","longest_backlog_run_fraction","50","0.895417","0.937500","0.867500","0.919167","false"
"6x6","uct-0500","1","qualifying_departures","50","68.300000","68.000000","66.120000","70.740000","false"
"6x6","uct-0500","1","persistent_revisits","50","45.060000","45.000000","42.900000","47.120000","false"
"6x6","uct-0500","1","reactivation_revisits","50","16.780000","17.000000","15.800000","17.780000","false"
"6x6","uct-0500","1","never_revisited","50","0.540000","0.000000","0.340000","0.760000","false"
"6x6","uct-0500","1","right_censored","50","5.920000","6.000000","5.700000","6.160000","false"
"6x6","uct-0500","1","revisit_rate_observed","50","0.991194","1.000000","0.987700","0.994485","false"
"6x6","uct-0500","1","never_revisited_rate_observed","50","0.008806","0.000000","0.005603","0.012537","false"
"6x6","uct-0500","1","right_censored_rate","50","0.087605","0.086957","0.083716","0.091613","false"
"6x6","uct-0500","1","simple_end_revisit_rate","50","0.904312","0.905506","0.899960","0.908672","false"
"6x6","uct-0500","1","mean_revisit_lag","50","2.967578","2.931733","2.879567","3.068784","false"
"6x6","uct-0500","1","median_revisit_lag","50","2.100000","2.000000","1.980000","2.240000","false"
"6x6","uct-0500","1","mean_normalized_revisit_lag","50","0.061824","0.061077","0.059849","0.063699","false"
"6x6","uct-0500","1","distinct_revisited_regions","50","8.500000","9.000000","8.320000","8.680000","false"
"6x6","uct-0500","1","repeated_revisit_regions","50","8.160000","8.000000","7.920000","8.420000","false"
"6x6","uct-0500","1","revisit_within_four_turns_rate","50","0.758707","0.763305","0.743451","0.773746","false"
"6x6","uct-0500","1","early_revisit_within_quarter_rate","50","0.980045","1.000000","0.972305","0.988007","false"
"6x6","uct-0500","3","mean_dormant_active_fronts","50","0.622917","0.614583","0.596250","0.651667","false"
"6x6","uct-0500","3","dormant_ge1_turn_rate","50","0.509167","0.500000","0.490834","0.527500","false"
"6x6","uct-0500","3","dormant_ge2_turn_rate","50","0.108333","0.104167","0.093333","0.122917","false"
"6x6","uct-0500","3","longest_dormant_run_fraction","50","0.114167","0.104167","0.101667","0.128333","false"
"6x6","uct-0500","3","mean_backlog_size","50","2.909167","2.833333","2.811250","3.006667","false"
"6x6","uct-0500","3","max_backlog_size","50","5.520000","6.000000","5.360000","5.680000","false"
"6x6","uct-0500","3","backlog_ge1_turn_rate","50","0.935000","0.937500","0.927917","0.941667","false"
"6x6","uct-0500","3","backlog_ge2_turn_rate","50","0.837083","0.843750","0.820833","0.852083","false"
"6x6","uct-0500","3","longest_backlog_run_fraction","50","0.895417","0.937500","0.867917","0.920833","false"
"6x6","uct-0500","3","qualifying_departures","50","29.900000","29.500000","28.540000","31.360000","false"
"6x6","uct-0500","3","persistent_revisits","50","9.540000","9.500000","8.540000","10.500000","false"
"6x6","uct-0500","3","reactivation_revisits","50","16.780000","17.000000","15.780000","17.700000","false"
"6x6","uct-0500","3","never_revisited","50","0.220000","0.000000","0.120000","0.340000","false"
"6x6","uct-0500","3","right_censored","50","3.360000","3.500000","3.060000","3.640000","false"
"6x6","uct-0500","3","revisit_rate_observed","50","0.991903","1.000000","0.987263","0.996016","false"
"6x6","uct-0500","3","never_revisited_rate_observed","50","0.008097","0.000000","0.004106","0.012607","false"
"6x6","uct-0500","3","right_censored_rate","50","0.113324","0.111111","0.103748","0.122494","false"
"6x6","uct-0500","3","simple_end_revisit_rate","50","0.879328","0.880000","0.871163","0.888153","false"
"6x6","uct-0500","3","mean_revisit_lag","50","5.220341","5.244048","5.060710","5.383415","false"
"6x6","uct-0500","3","median_revisit_lag","50","4.330000","4.000000","4.160000","4.510000","false"
"6x6","uct-0500","3","mean_normalized_revisit_lag","50","0.108757","0.109251","0.105367","0.112127","false"
"6x6","uct-0500","3","distinct_revisited_regions","50","8.220000","8.000000","8.000000","8.440000","false"
"6x6","uct-0500","3","repeated_revisit_regions","50","7.200000","7.000000","6.900000","7.500000","false"
"6x6","uct-0500","3","revisit_within_four_turns_rate","50","0.480410","0.500000","0.452626","0.507728","false"
"6x6","uct-0500","3","early_revisit_within_quarter_rate","50","0.959736","1.000000","0.943933","0.974697","false"
"6x6","uct-1000","2","mean_dormant_active_fronts","50","1.399583","1.416667","1.340000","1.454583","true"
"6x6","uct-1000","2","dormant_ge1_turn_rate","50","0.780417","0.770833","0.762083","0.798750","true"
"6x6","uct-1000","2","dormant_ge2_turn_rate","50","0.442500","0.437500","0.415417","0.468750","true"
"6x6","uct-1000","2","longest_dormant_run_fraction","50","0.392083","0.364584","0.350000","0.437500","true"
"6x6","uct-1000","2","mean_backlog_size","50","2.769583","2.812500","2.673333","2.863333","true"
"6x6","uct-1000","2","max_backlog_size","50","5.400000","5.000000","5.240000","5.560000","true"
"6x6","uct-1000","2","backlog_ge1_turn_rate","50","0.925000","0.937500","0.917083","0.932917","true"
"6x6","uct-1000","2","backlog_ge2_turn_rate","50","0.820417","0.843750","0.796667","0.840833","true"
"6x6","uct-1000","2","longest_backlog_run_fraction","50","0.889583","0.916667","0.861250","0.913750","true"
"6x6","uct-1000","2","qualifying_departures","50","39.000000","39.000000","37.420000","40.620000","true"
"6x6","uct-1000","2","persistent_revisits","50","18.260000","18.000000","17.200000","19.340000","true"
"6x6","uct-1000","2","reactivation_revisits","50","15.960000","16.000000","14.920000","16.980000","true"
"6x6","uct-1000","2","never_revisited","50","0.340000","0.000000","0.200000","0.500000","true"
"6x6","uct-1000","2","right_censored","50","4.440000","5.000000","4.120000","4.760000","true"
"6x6","uct-1000","2","revisit_rate_observed","50","0.990229","1.000000","0.985780","0.994497","true"
"6x6","uct-1000","2","never_revisited_rate_observed","50","0.009771","0.000000","0.005532","0.014229","true"
"6x6","uct-1000","2","right_censored_rate","50","0.114626","0.107920","0.106210","0.123233","true"
"6x6","uct-1000","2","simple_end_revisit_rate","50","0.876577","0.880952","0.868503","0.884281","true"
"6x6","uct-1000","2","mean_revisit_lag","50","4.485258","4.517143","4.346951","4.622643","true"
"6x6","uct-1000","2","median_revisit_lag","50","3.380000","3.000000","3.240000","3.530000","true"
"6x6","uct-1000","2","mean_normalized_revisit_lag","50","0.093443","0.094108","0.090519","0.096282","true"
"6x6","uct-1000","2","distinct_revisited_regions","50","8.300000","8.000000","8.100000","8.500000","true"
"6x6","uct-1000","2","repeated_revisit_regions","50","7.460000","8.000000","7.180000","7.740000","true"
"6x6","uct-1000","2","revisit_within_four_turns_rate","50","0.599729","0.588990","0.580112","0.618322","true"
"6x6","uct-1000","2","early_revisit_within_quarter_rate","50","0.964159","0.977272","0.952502","0.975608","true"
"6x6","uct-1000","1","mean_dormant_active_fronts","50","2.769583","2.812500","2.669167","2.866250","false"
"6x6","uct-1000","1","dormant_ge1_turn_rate","50","0.925000","0.937500","0.916250","0.932917","false"
"6x6","uct-1000","1","dormant_ge2_turn_rate","50","0.820417","0.843750","0.797500","0.841667","false"
"6x6","uct-1000","1","longest_dormant_run_fraction","50","0.889583","0.916667","0.860000","0.913750","false"
"6x6","uct-1000","1","mean_backlog_size","50","2.769583","2.812500","2.671250","2.864167","false"
"6x6","uct-1000","1","max_backlog_size","50","5.400000","5.000000","5.240000","5.560000","false"
"6x6","uct-1000","1","backlog_ge1_turn_rate","50","0.925000","0.937500","0.916250","0.932917","false"
"6x6","uct-1000","1","backlog_ge2_turn_rate","50","0.820417","0.843750","0.797917","0.840833","false"
"6x6","uct-1000","1","longest_backlog_run_fraction","50","0.889583","0.916667","0.860417","0.914167","false"
"6x6","uct-1000","1","qualifying_departures","50","65.760000","67.000000","63.600000","67.700000","false"
"6x6","uct-1000","1","persistent_revisits","50","43.440000","44.500000","41.540000","45.240000","false"
"6x6","uct-1000","1","reactivation_revisits","50","15.960000","16.000000","14.920000","17.000000","false"
"6x6","uct-1000","1","never_revisited","50","0.540000","0.000000","0.360000","0.740000","false"
"6x6","uct-1000","1","right_censored","50","5.820000","6.000000","5.500000","6.100000","false"
"6x6","uct-1000","1","revisit_rate_observed","50","0.990741","1.000000","0.987273","0.993944","false"
"6x6","uct-1000","1","never_revisited_rate_observed","50","0.009259","0.000000","0.005929","0.012740","false"
"6x6","uct-1000","1","right_censored_rate","50","0.088614","0.090909","0.084136","0.093209","false"
"6x6","uct-1000","1","simple_end_revisit_rate","50","0.902882","0.900819","0.898696","0.907217","false"
"6x6","uct-1000","1","mean_revisit_lag","50","3.009488","3.027901","2.914559","3.105791","false"
"6x6","uct-1000","1","median_revisit_lag","50","1.980000","2.000000","1.880000","2.080000","false"
"6x6","uct-1000","1","mean_normalized_revisit_lag","50","0.062698","0.063081","0.060658","0.064611","false"
"6x6","uct-1000","1","distinct_revisited_regions","50","8.380000","8.500000","8.180000","8.560000","false"
"6x6","uct-1000","1","repeated_revisit_regions","50","8.000000","8.000000","7.760000","8.220000","false"
"6x6","uct-1000","1","revisit_within_four_turns_rate","50","0.756000","0.745897","0.742967","0.769314","false"
"6x6","uct-1000","1","early_revisit_within_quarter_rate","50","0.975995","0.985294","0.967899","0.983492","false"
"6x6","uct-1000","3","mean_dormant_active_fronts","50","0.587083","0.583333","0.558750","0.616667","false"
"6x6","uct-1000","3","dormant_ge1_turn_rate","50","0.470417","0.468750","0.448750","0.490833","false"
"6x6","uct-1000","3","dormant_ge2_turn_rate","50","0.108333","0.104167","0.095833","0.120417","false"
"6x6","uct-1000","3","longest_dormant_run_fraction","50","0.100000","0.083333","0.089583","0.112500","false"
"6x6","uct-1000","3","mean_backlog_size","50","2.769583","2.812500","2.671250","2.866250","false"
"6x6","uct-1000","3","max_backlog_size","50","5.400000","5.000000","5.240000","5.560000","false"
"6x6","uct-1000","3","backlog_ge1_turn_rate","50","0.925000","0.937500","0.916250","0.932917","false"
"6x6","uct-1000","3","backlog_ge2_turn_rate","50","0.820417","0.843750","0.799167","0.840000","false"
"6x6","uct-1000","3","longest_backlog_run_fraction","50","0.889583","0.916667","0.860000","0.911667","false"
"6x6","uct-1000","3","qualifying_departures","50","28.180000","28.000000","26.880000","29.460000","false"
"6x6","uct-1000","3","persistent_revisits","50","8.700000","8.000000","7.960000","9.480000","false"
"6x6","uct-1000","3","reactivation_revisits","50","15.960000","16.000000","14.940000","17.000000","false"
"6x6","uct-1000","3","never_revisited","50","0.160000","0.000000","0.060000","0.280000","false"
"6x6","uct-1000","3","right_censored","50","3.360000","3.000000","3.040000","3.680000","false"
"6x6","uct-1000","3","revisit_rate_observed","50","0.993508","1.000000","0.988215","0.997702","false"
"6x6","uct-1000","3","never_revisited_rate_observed","50","0.006492","0.000000","0.002381","0.011327","false"
"6x6","uct-1000","3","right_censored_rate","50","0.119923","0.114286","0.109088","0.131035","false"
"6x6","uct-1000","3","simple_end_revisit_rate","50","0.874291","0.884615","0.862873","0.885254","false"
"6x6","uct-1000","3","mean_revisit_lag","50","5.442205","5.392308","5.267114","5.611656","false"
"6x6","uct-1000","3","median_revisit_lag","50","4.480000","4.500000","4.290000","4.670000","false"
"6x6","uct-1000","3","mean_normalized_revisit_lag","50","0.113379","0.112340","0.109984","0.116871","false"
"6x6","uct-1000","3","distinct_revisited_regions","50","8.040000","8.000000","7.820000","8.240000","false"
"6x6","uct-1000","3","repeated_revisit_regions","50","6.860000","7.000000","6.560000","7.160000","false"
"6x6","uct-1000","3","revisit_within_four_turns_rate","50","0.466694","0.459935","0.442234","0.493418","false"
"6x6","uct-1000","3","early_revisit_within_quarter_rate","50","0.954496","1.000000","0.938440","0.970897","false"
